logical_document_id,document_id,source_format,title,document_type,strategy,total_chunks,avg_len_chars,median_len_chars,p95_len_chars,min_len_chars,max_len_chars,oversized_chunks,very_small_chunks,source_block_coverage_pct,duplicated_text_ratio,cross_article_chunks,cross_section_chunks,heading_orphan_count,article_orphan_count,table_chunks,table_relationship_loss,provenance_failures,metadata_contract_failures,parse_skip_reason
LAW_001,LAW_001,md,个人信息保护法,,A,27,500.85,512.0,512.0,212,512,0,0,100.0,0.58848,25,12,0,0,0,0,0,0,
LAW_002,LAW_002,md,数据安全法,,A,17,500.12,512.0,512.0,310,512,0,0,100.0,0.5654,15,11,0,0,0,0,0,0,
LAW_003,LAW_003,md,网络安全法,,A,31,506.16,512.0,512.0,333,512,0,0,100.0,0.61207,29,10,0,0,0,0,0,0,
DATA_001,DATA_001,md,网络数据安全管理条例,,A,26,510.35,512.0,512.0,471,512,0,0,100.0,0.56741,26,10,0,0,0,0,0,0,
DATA_002,DATA_002,md,促进和规范数据跨境流动规定,,A,8,467.88,512.0,512.0,160,512,0,0,100.0,0.59257,6,0,0,0,0,0,0,0,
JUD_001,JUD_001,md,合同编通则司法解释,,A,47,505.06,512.0,512.0,189,512,0,0,100.0,0.60035,42,0,0,0,0,0,0,0,
CASE_001,CASE_001,md,合同编通则典型案例,,A,34,509.59,512.0,512.0,432,512,0,0,100.0,0.56066,0,0,0,0,0,0,0,0,
JUD_002,JUD_002,md,买卖合同纠纷司法解释,,A,14,501.14,512.0,512.0,361,512,0,0,100.0,0.56656,8,0,0,0,0,0,0,0,
CASE_002,CASE_002,md,网络消费典型案例,,A,6,511.83,512.0,512.0,511,512,0,0,100.0,0.47639,0,0,0,0,0,0,0,0,
JUD_003,JUD_003,md,预付式消费司法解释,,A,19,511.53,512.0,512.0,505,512,0,0,100.0,0.58164,12,0,0,0,0,0,0,0,
CASE_003,CASE_003,md,指导案例189号违约金,,A,9,499.89,512.0,512.0,403,512,0,0,100.0,0.48566,0,0,0,0,0,0,0,0,
JUD_004,JUD_004,md,法答网精选答问第十七批合同编通则专题,,A,12,480.5,512.0,512.0,135,512,0,0,100.0,0.52966,0,0,0,0,0,0,0,0,
LAW_004,LAW_004,md,中华人民共和国电子商务法,,A,36,502.39,512.0,512.0,167,512,0,0,100.0,0.68423,29,11,0,0,0,0,0,0,
LAW_005,LAW_005,md,中华人民共和国仲裁法,,A,26,507.19,512.0,512.0,400,512,0,0,100.0,0.55775,0,0,0,0,0,0,0,0,
LAW_006,LAW_006,md,中华人民共和国反不正当竞争法,,A,17,504.88,512.0,512.0,393,512,0,0,100.0,0.58196,16,6,0,0,0,0,0,0,
LAW_007,LAW_007,pdf,中华人民共和国民法典,,A,446,511.43,512.0,512.0,440,512,0,0,100.0,0.60567,346,133,0,0,152,100,0,0,
LAW_008,LAW_008,pdf,中华人民共和国公司法,,A,86,509.53,512.0,512.0,303,512,0,0,100.0,0.60954,84,26,0,0,0,0,0,0,
LAW_009,LAW_009,pdf,中华人民共和国劳动合同法,,A,34,500.88,512.0,512.0,140,512,0,0,100.0,0.57134,32,12,0,0,23,10,0,0,
LAW_010,LAW_010,pdf,中华人民共和国电子签名法,,A,11,502.82,512.0,512.0,415,512,0,0,100.0,0.5198,3,0,0,0,0,0,0,0,
LAW_011,LAW_011,pdf,中华人民共和国民事诉讼法,,A,94,511.56,512.0,512.0,489,512,0,0,100.0,0.57184,90,9,0,0,0,0,0,0,
ENT_COMPLIANCE_001,ENT_COMPLIANCE_001,md,中央企业合规管理办法,,A,23,505.83,512.0,512.0,370,512,0,0,100.0,0.97688,23,14,0,0,0,0,0,0,
ENT_COMPLIANCE_002,ENT_COMPLIANCE_002,md,中央企业法律纠纷案件管理办法,,A,11,486.09,512.0,512.0,227,512,0,0,100.0,0.55152,9,6,0,0,0,0,0,0,
ENT_COMPLIANCE_003,ENT_COMPLIANCE_003,md,关于进一步深化法治央企建设的意见,,A,16,496.81,512.0,512.0,269,512,0,0,100.0,0.51918,0,0,0,0,0,0,0,0,
PROCUREMENT_001,PROCUREMENT_001,md,关于规范中央企业采购管理工作的指导意见,,A,12,506.92,512.0,512.0,451,512,0,0,100.0,0.51504,0,0,0,0,0,0,0,0,
PROCUREMENT_002,PROCUREMENT_002,md,关于加强中央企业内部控制体系建设与监督工作的实施意见,,A,12,500.83,512.0,512.0,378,512,0,0,100.0,0.53411,0,0,0,0,0,0,0,0,
ENT_COMPLIANCE_004,ENT_COMPLIANCE_004,pdf,市场准入负面清单2025年版,,A,124,509.45,512.0,512.0,245,512,0,0,100.0,0.59735,0,0,0,0,68,62,0,0,
DATA_003,DATA_003,pdf,公共数据资源授权运营实施规范,,A,10,498.4,512.0,512.0,379,512,0,0,100.0,0.49318,9,7,0,0,0,0,0,0,
UNKNOWN,UNKNOWN,unknown,,,A,0,0.0,0.0,0.0,0,0,0,0,0.0,0.0,0,0,0,0,0,0,0,0,"PARSE_ERROR_ContractViolation_HEADING level must be in 1..9, got 10"
UNKNOWN,UNKNOWN,unknown,,,A,0,0.0,0.0,0.0,0,0,0,0,0.0,0.0,0,0,0,0,0,0,0,0,"PARSE_ERROR_ContractViolation_HEADING level must be in 1..9, got 10"
UNKNOWN,UNKNOWN,unknown,,,A,0,0.0,0.0,0.0,0,0,0,0,0.0,0.0,0,0,0,0,0,0,0,0,"PARSE_ERROR_ContractViolation_HEADING level must be in 1..9, got 10"
UNKNOWN,UNKNOWN,unknown,,,A,0,0.0,0.0,0.0,0,0,0,0,0.0,0.0,0,0,0,0,0,0,0,0,"PARSE_ERROR_ContractViolation_HEADING level must be in 1..9, got 10"
CONTRACT_048,CONTRACT_048,docx,工程建设项目招标代理合同（建设部、国家工商总局2005版）,,A,19,510.53,512.0,512.0,486,512,0,0,100.0,0.57144,0,0,0,0,0,0,0,0,
CONTRACT_103,CONTRACT_103,docx,学校食堂食材采购（准入）合同（吉林省2023版）,,A,9,478.89,512.0,512.0,214,512,0,0,100.0,0.47981,0,0,0,0,0,0,0,0,
CONTRACT_111,CONTRACT_111,docx,北京市预拌混凝土矿物掺合料采购合同（北京市2022版）,,A,16,510.19,512.0,512.0,485,512,0,0,100.0,0.55237,10,0,0,0,6,5,0,0,
CONTRACT_003,CONTRACT_003,docx,农副产品买卖合同（市场监管总局2025版）,,A,9,489.11,512.0,512.0,306,512,0,0,100.0,0.53249,8,0,0,0,2,0,0,0,
CONTRACT_004,CONTRACT_004,docx,赠与合同（市场监管总局2025版）,,A,8,494.75,512.0,512.0,375,512,0,0,100.0,0.56064,7,0,0,0,0,0,0,0,
CONTRACT_012,CONTRACT_012,docx,危险化学品生产经营企业自建网站销售合同（市场监管总局、网信办、教育部、公安部、应急管理部、国家邮政局2023版）,,A,20,497.45,512.0,512.0,222,512,0,0,100.0,0.52779,14,0,0,0,2,0,0,0,
CONTRACT_026,CONTRACT_026,docx,生鲜乳购销合同（农业部、工业和信息化部、国家工商总局2016版）,,A,8,470.38,512.0,512.0,180,512,0,0,100.0,0.47515,7,0,0,0,2,1,0,0,
CONTRACT_001,CONTRACT_001,docx,合同节水管理项目服务合同（水利部、市场监管总局2026版）,,A,19,510.58,512.0,512.0,487,512,0,0,100.0,0.57716,7,0,0,0,7,5,0,0,
CONTRACT_013,CONTRACT_013,docx,医疗美容消费服务合同（市场监管总局2023版）,,A,13,485.62,512.0,512.0,171,512,0,0,100.0,0.53873,6,0,0,0,3,3,0,0,
CONTRACT_016,CONTRACT_016,docx,中小学生校外培训服务合同（教育部、市场监管总局2021版）,,A,15,498.53,512.0,512.0,312,512,0,0,100.0,0.52166,8,0,0,0,0,0,0,0,
CONTRACT_017,CONTRACT_017,docx,建设项目工程总承包合同（住房城乡建设部、市场监管总局2020版）,,A,199,511.1,512.0,512.0,349,512,0,0,100.0,0.60309,0,0,0,0,8,7,0,0,
CONTRACT_018,CONTRACT_018,docx,园林绿化工程施工合同（住房城乡建设部、市场监管总局2020版）,,A,43,510.51,512.0,512.0,456,512,0,0,100.0,0.60582,0,0,0,0,6,9,0,0,
CONTRACT_021,CONTRACT_021,docx,建设工程施工合同（住房城乡建设部、国家工商总局2017版）,,A,172,510.09,512.0,512.0,213,512,0,0,100.0,0.64294,0,0,0,0,14,18,0,0,
CONTRACT_010,CONTRACT_010,docx,城镇房屋租赁合同（市场监管总局2025版）,,A,23,497.35,512.0,512.0,179,512,0,0,100.0,0.60268,14,0,0,0,6,6,0,0,
CONTRACT_014,CONTRACT_014,docx,农村土地经营权出租合同（农业农村部、市场监管总局2021版）,,A,11,491.55,512.0,512.0,290,512,0,0,100.0,0.58498,0,0,0,0,4,1,0,0,
CONTRACT_002,CONTRACT_002,docx,保管合同（市场监管总局2025版）,,A,10,475.1,512.0,512.0,143,512,0,0,100.0,0.53925,8,0,0,0,2,1,0,0,
CONTRACT_005,CONTRACT_005,docx,委托合同（市场监管总局2025版）,,A,10,506.5,512.0,512.0,457,512,0,0,100.0,0.51214,8,0,0,0,0,0,0,0,
CONTRACT_056,CONTRACT_056,docx,修缮修理合同（国家工商总局2000版）,,A,4,452.5,512.0,512.0,274,512,0,0,100.0,0.68177,3,0,0,0,4,3,0,0,
CONTRACT_058,CONTRACT_058,docx,测绘合同（国家测绘局、国家工商总局2000版）,,A,9,482.78,512.0,512.0,251,512,0,0,100.0,0.54131,9,0,0,0,5,2,0,0,
CONTRACT_037,CONTRACT_037,docx,快递行业特许经营（加盟）合同（国家邮政局、国家工商总局2011版）,,A,10,499.1,512.0,512.0,383,512,0,0,100.0,0.51152,0,0,0,0,0,0,0,0,
CONTRACT_083,CONTRACT_083,docx,铁路局货物运单（国家工商总局1991版）,,A,3,455.33,512.0,512.0,342,512,0,0,100.0,0.58419,0,0,0,0,3,4,0,0,
CONTRACT_015,CONTRACT_015,docx,农村土地经营权入股合同（农业农村部、市场监管总局2021版）,,A,11,496.73,512.0,512.0,347,512,0,0,100.0,0.58529,0,0,0,0,4,1,0,0,
LAW_001,LAW_001,md,个人信息保护法,,B,75,134.96,113.0,298.2,36,440,0,14,100.0,0.22377,0,10,0,0,0,0,0,0,
LAW_002,LAW_002,md,数据安全法,,B,56,114.27,92.0,301.25,35,439,0,15,100.0,0.21035,0,7,0,0,0,0,0,0,
LAW_003,LAW_003,md,网络安全法,,B,82,143.56,117.5,327.9,28,476,0,12,100.0,0.27107,0,8,0,1,0,0,0,0,
DATA_001,DATA_001,md,网络数据安全管理条例,,B,64,156.38,118.0,363.7,23,526,0,8,100.0,0.20104,0,8,0,1,0,0,0,0,
DATA_002,DATA_002,md,促进和规范数据跨境流动规定,,B,15,188.93,148.0,429.1,64,434,0,0,100.0,0.27841,0,0,0,0,0,0,0,0,
JUD_001,JUD_001,md,合同编通则司法解释,,B,74,240.32,186.5,484.05,62,600,0,1,100.0,0.26395,0,0,0,0,0,0,0,0,
CASE_001,CASE_001,md,合同编通则典型案例,,B,34,387.88,428.5,595.45,6,600,0,2,100.0,0.18775,0,0,0,0,0,0,0,0,
JUD_002,JUD_002,md,买卖合同纠纷司法解释,,B,16,334.06,391.0,577.5,7,600,0,3,100.0,0.21646,0,0,0,2,0,0,0,0,
CASE_002,CASE_002,md,网络消费典型案例,,B,7,348.29,244.0,599.4,99,600,0,0,100.0,0.16202,0,0,0,0,0,0,0,0,
JUD_003,JUD_003,md,预付式消费司法解释,,B,33,224.73,197.0,574.4,23,577,0,1,100.0,0.24744,0,0,0,1,0,0,0,0,
CASE_003,CASE_003,md,指导案例189号违约金,,B,9,388.33,495.0,586.4,117,594,0,0,100.0,0.09785,0,0,0,0,0,0,0,0,
JUD_004,JUD_004,md,法答网精选答问第十七批合同编通则专题,,B,11,398.73,362.0,593.0,142,600,0,0,100.0,0.13452,0,0,0,0,0,0,0,0,
LAW_004,LAW_004,md,中华人民共和国电子商务法,,B,99,136.49,107.0,308.3,42,578,0,17,100.0,0.40827,0,8,0,0,0,0,0,0,
LAW_005,LAW_005,md,中华人民共和国仲裁法,,B,20,486.1,568.5,596.15,53,599,0,1,100.0,0.19111,0,0,0,0,0,0,0,0,
LAW_006,LAW_006,md,中华人民共和国反不正当竞争法,,B,42,154.67,103.5,390.85,30,600,0,10,100.0,0.23476,0,6,0,1,0,0,0,0,
LAW_007,LAW_007,pdf,中华人民共和国民法典,,B,1582,137.14,77.0,645.8,4,1309,1,649,100.0,0.43056,0,0,291,35,96,0,0,0,
LAW_008,LAW_008,pdf,中华人民共和国公司法,,B,315,103.58,83.0,268.0,6,534,0,113,100.0,0.26011,0,0,75,0,0,0,0,0,
LAW_009,LAW_009,pdf,中华人民共和国劳动合同法,,B,121,161.6,77.0,611.0,3,841,0,46,100.0,0.47402,0,11,0,9,14,0,0,0,
LAW_010,LAW_010,pdf,中华人民共和国电子签名法,,B,11,390.73,463.0,583.5,55,587,0,1,100.0,0.14705,0,0,1,0,0,0,0,0,
LAW_011,LAW_011,pdf,中华人民共和国民事诉讼法,,B,310,115.77,88.5,299.55,7,598,0,113,100.0,0.18976,0,0,66,0,0,0,0,0,
ENT_COMPLIANCE_001,ENT_COMPLIANCE_001,md,中央企业合规管理办法,,B,85,102.75,71.0,246.8,18,298,0,34,100.0,0.91871,0,15,0,2,0,0,0,0,
ENT_COMPLIANCE_002,ENT_COMPLIANCE_002,md,中央企业法律纠纷案件管理办法,,B,40,100.72,65.5,224.1,21,600,0,16,100.0,0.19682,0,6,0,1,0,0,0,0,
ENT_COMPLIANCE_003,ENT_COMPLIANCE_003,md,关于进一步深化法治央企建设的意见,,B,16,379.5,435.0,599.25,89,600,0,0,100.0,0.12055,0,0,0,0,0,0,0,0,
PROCUREMENT_001,PROCUREMENT_001,md,关于规范中央企业采购管理工作的指导意见,,B,12,392.83,365.0,592.8,64,595,0,0,100.0,0.1294,0,0,0,0,0,0,0,0,
PROCUREMENT_002,PROCUREMENT_002,md,关于加强中央企业内部控制体系建设与监督工作的实施意见,,B,13,355.69,322.0,596.4,44,600,0,1,100.0,0.15074,0,0,0,0,0,0,0,0,
ENT_COMPLIANCE_004,ENT_COMPLIANCE_004,pdf,市场准入负面清单2025年版,,B,205,360.13,283.0,840.6,3,1295,1,21,100.0,0.54395,0,0,12,0,52,0,0,0,
DATA_003,DATA_003,pdf,公共数据资源授权运营实施规范,,B,28,136.0,110.5,342.2,5,413,0,8,100.0,0.0948,0,6,0,3,0,0,0,0,
UNKNOWN,UNKNOWN,unknown,,,B,0,0.0,0.0,0.0,0,0,0,0,0.0,0.0,0,0,0,0,0,0,0,0,"PARSE_ERROR_ContractViolation_HEADING level must be in 1..9, got 10"
UNKNOWN,UNKNOWN,unknown,,,B,0,0.0,0.0,0.0,0,0,0,0,0.0,0.0,0,0,0,0,0,0,0,0,"PARSE_ERROR_ContractViolation_HEADING level must be in 1..9, got 10"
UNKNOWN,UNKNOWN,unknown,,,B,0,0.0,0.0,0.0,0,0,0,0,0.0,0.0,0,0,0,0,0,0,0,0,"PARSE_ERROR_ContractViolation_HEADING level must be in 1..9, got 10"
UNKNOWN,UNKNOWN,unknown,,,B,0,0.0,0.0,0.0,0,0,0,0,0.0,0.0,0,0,0,0,0,0,0,0,"PARSE_ERROR_ContractViolation_HEADING level must be in 1..9, got 10"
CONTRACT_048,CONTRACT_048,docx,工程建设项目招标代理合同（建设部、国家工商总局2005版）,,B,21,351.86,316.0,596.0,8,596,0,3,100.0,0.22818,0,0,1,0,0,0,0,0,
CONTRACT_103,CONTRACT_103,docx,学校食堂食材采购（准入）合同（吉林省2023版）,,B,8,411.0,434.0,579.6,93,588,0,0,100.0,0.0587,0,0,0,0,0,0,0,0,
CONTRACT_111,CONTRACT_111,docx,北京市预拌混凝土矿物掺合料采购合同（北京市2022版）,,B,24,413.0,298.5,782.25,16,1445,1,3,100.0,0.51483,0,0,0,3,5,0,0,0,
CONTRACT_003,CONTRACT_003,docx,农副产品买卖合同（市场监管总局2025版）,,B,20,214.85,171.5,418.55,24,1151,0,2,100.0,0.37561,0,0,0,1,1,0,0,0,
CONTRACT_004,CONTRACT_004,docx,赠与合同（市场监管总局2025版）,,B,15,203.47,174.0,454.0,40,538,0,3,100.0,0.25131,0,0,0,0,0,0,0,0,
CONTRACT_012,CONTRACT_012,docx,危险化学品生产经营企业自建网站销售合同（市场监管总局、网信办、教育部、公安部、应急管理部、国家邮政局2023版）,,B,27,306.7,213.0,586.9,11,1184,0,3,100.0,0.22739,0,0,0,1,1,0,0,0,
CONTRACT_026,CONTRACT_026,docx,生鲜乳购销合同（农业部、工业和信息化部、国家工商总局2016版）,,B,15,225.2,170.0,540.3,20,786,0,2,100.0,0.25044,0,0,0,0,1,0,0,0,
CONTRACT_001,CONTRACT_001,docx,合同节水管理项目服务合同（水利部、市场监管总局2026版）,,B,24,366.88,327.0,754.7,7,776,0,2,100.0,0.36899,0,0,1,0,4,0,0,0,
CONTRACT_013,CONTRACT_013,docx,医疗美容消费服务合同（市场监管总局2023版）,,B,18,295.94,261.0,628.45,10,1039,0,4,100.0,0.25399,0,0,0,1,1,0,0,0,
CONTRACT_016,CONTRACT_016,docx,中小学生校外培训服务合同（教育部、市场监管总局2021版）,,B,20,284.35,267.5,585.75,25,600,0,3,100.0,0.1266,0,0,0,0,0,0,0,0,
CONTRACT_017,CONTRACT_017,docx,建设项目工程总承包合同（住房城乡建设部、市场监管总局2020版）,,B,191,411.41,352.0,597.0,2,1291,1,10,100.0,0.27618,0,0,6,3,5,0,0,0,
CONTRACT_018,CONTRACT_018,docx,园林绿化工程施工合同（住房城乡建设部、市场监管总局2020版）,,B,55,362.27,311.0,939.3,2,1291,1,14,100.0,0.4004,0,0,7,0,5,0,0,0,
CONTRACT_021,CONTRACT_021,docx,建设工程施工合同（住房城乡建设部、国家工商总局2017版）,,B,172,410.15,363.5,626.55,2,1307,2,17,100.0,0.37273,0,0,8,7,9,0,0,0,
CONTRACT_010,CONTRACT_010,docx,城镇房屋租赁合同（市场监管总局2025版）,,B,34,408.24,346.0,767.35,39,777,0,3,100.0,0.57615,0,0,0,0,9,0,0,0,
CONTRACT_014,CONTRACT_014,docx,农村土地经营权出租合同（农业农村部、市场监管总局2021版）,,B,12,480.67,424.0,1136.6,30,1724,1,1,100.0,0.48405,0,0,0,0,2,0,0,0,
CONTRACT_002,CONTRACT_002,docx,保管合同（市场监管总局2025版）,,B,20,225.95,146.0,562.0,34,1151,0,3,100.0,0.36026,0,0,0,0,1,0,0,0,
CONTRACT_005,CONTRACT_005,docx,委托合同（市场监管总局2025版）,,B,19,205.11,151.0,515.5,25,547,0,2,100.0,0.1301,0,0,0,2,0,0,0,0,
CONTRACT_056,CONTRACT_056,docx,修缮修理合同（国家工商总局2000版）,,B,19,164.68,28.0,760.8,5,1542,1,15,100.0,0.77181,0,0,6,4,3,0,0,0,
CONTRACT_058,CONTRACT_058,docx,测绘合同（国家测绘局、国家工商总局2000版）,,B,26,212.0,86.5,760.5,7,776,0,12,100.0,0.54318,0,0,6,3,4,0,0,0,
CONTRACT_037,CONTRACT_037,docx,快递行业特许经营（加盟）合同（国家邮政局、国家工商总局2011版）,,B,11,348.82,296.0,589.5,27,590,0,2,100.0,0.16237,0,0,0,0,0,0,0,0,
CONTRACT_083,CONTRACT_083,docx,铁路局货物运单（国家工商总局1991版）,,B,7,214.14,49.0,652.9,1,754,0,4,100.0,0.58439,0,0,2,0,2,0,0,0,
CONTRACT_015,CONTRACT_015,docx,农村土地经营权入股合同（农业农村部、市场监管总局2021版）,,B,12,485.5,443.5,1136.6,30,1724,1,2,100.0,0.47666,0,0,0,0,2,0,0,0,
