strategy,chunk_id,document_id,logical_document_id,block_order,table_id,table_part_index,table_parts_total,header_preserved,structure_preserved,text_len_chars,rows_total,rows_in_chunk,headers_materialized,relationship_loss_check
A,c4fff39dc1f618aa8af2f98b2b275918,LAW_007,LAW_007,28,LAW_007_b28_table,,,True,False,512,3,,YES,OK
A,3648ff2b6498266deee66f938362c78e,LAW_007,LAW_007,28,LAW_007_b28_table,,,True,False,512,3,,YES,OK
A,4267ef5008e0365ab153457e75c1ebcf,LAW_007,LAW_007,400,LAW_007_b400_table,,,True,False,512,3,,YES,OK
A,282ba71fff82109b548e2bf60a081a77,LAW_007,LAW_007,400,LAW_007_b400_table,,,True,False,512,3,,YES,OK
A,a68329ca97f6c1ed3dc2214ca0853931,LAW_007,LAW_007,500,LAW_007_b500_table,,,True,False,511,5,,YES,OK
A,5dbe65f41dfe22a1ed38a175c8333a0b,LAW_007,LAW_007,500,LAW_007_b500_table,,,False,False,511,5,,UNKNOWN,HEADER_MISSING
A,5dbe65f41dfe22a1ed38a175c8333a0b,LAW_007,LAW_007,501,LAW_007_b501_table,,,False,False,511,3,,UNKNOWN,HEADER_MISSING
A,beba300779be2e7b4a09e0532e8819a9,LAW_007,LAW_007,501,LAW_007_b501_table,,,True,False,512,3,,YES,OK
A,43f83df57a521dde5832b123387ca26c,LAW_007,LAW_007,567,LAW_007_b567_table,,,True,False,511,8,,YES,OK
A,c66f8a8cf6cab640de7044293959468b,LAW_007,LAW_007,567,LAW_007_b567_table,,,True,False,512,8,,YES,OK
A,2c9eaa6fc92fcf7d77fb8f291374db23,LAW_007,LAW_007,567,LAW_007_b567_table,,,True,False,512,8,,YES,OK
A,7f460b268dc9b17bec65865916dd5d4c,LAW_007,LAW_007,590,LAW_007_b590_table,,,True,False,511,8,,YES,OK
A,08f6533b5b8e91b7c57a64dc672f5082,LAW_007,LAW_007,590,LAW_007_b590_table,,,True,False,511,8,,YES,OK
A,99edc37f12fe7ba2a8a36f83233a3ca4,LAW_007,LAW_007,720,LAW_007_b720_table,,,True,False,512,3,,YES,OK
A,39d2097862c2875751d6fe198d1258e4,LAW_007,LAW_007,720,LAW_007_b720_table,,,True,False,511,3,,YES,OK
A,e66d800c93f9a339959014a9e4125f16,LAW_007,LAW_007,1157,LAW_007_b1157_table,,,False,False,512,12,,UNKNOWN,HEADER_MISSING
A,c665cf7f04dd182664cec679ef124b76,LAW_007,LAW_007,1157,LAW_007_b1157_table,,,False,False,511,12,,UNKNOWN,HEADER_MISSING
A,a8bd671f1fd9299a0e005854938ebed6,LAW_007,LAW_007,1157,LAW_007_b1157_table,,,False,False,512,12,,UNKNOWN,HEADER_MISSING
A,76b5f3c025b12f9458db1b1884b69ba7,LAW_007,LAW_007,1245,LAW_007_b1245_table,,,True,False,512,5,,YES,OK
A,fa5d2b2108c2ca7e291c2a298a5cd432,LAW_007,LAW_007,1245,LAW_007_b1245_table,,,True,False,512,5,,YES,OK
A,857464ed18cc9c44f7521585a1cb499f,LAW_007,LAW_007,1353,LAW_007_b1353_table,,,True,False,512,4,,YES,OK
A,ee13066d2ddb07fee2577844fab75936,LAW_007,LAW_007,1353,LAW_007_b1353_table,,,True,False,512,4,,YES,OK
A,877f0a9d94c2368636ba7aab7081a92c,LAW_007,LAW_007,1408,LAW_007_b1408_table,,,True,False,512,8,,YES,OK
A,31c0b24f1490917ae5656ea461f3c907,LAW_007,LAW_007,1408,LAW_007_b1408_table,,,True,False,511,8,,YES,OK
A,578e615b16dcb1b7c5d779ac73ab717b,LAW_007,LAW_007,1419,LAW_007_b1419_table,,,True,False,511,7,,YES,OK
A,0c513134ae70f9ea5c559f62c15bf558,LAW_007,LAW_007,1419,LAW_007_b1419_table,,,True,False,510,7,,YES,OK
A,3a6a3ca89d920f24640bb90d9482f934,LAW_007,LAW_007,1525,LAW_007_b1525_table,,,True,False,512,4,,YES,OK
A,957a54ff8a2f778c43307f86fda7230e,LAW_007,LAW_007,1525,LAW_007_b1525_table,,,True,False,512,4,,YES,OK
A,9927edb5c81a18c417e80d40545449a3,LAW_007,LAW_007,1563,LAW_007_b1563_table,,,True,False,511,7,,YES,OK
A,13ab3f4fdd92c6caefa9c122d267bfe1,LAW_007,LAW_007,1563,LAW_007_b1563_table,,,True,False,511,7,,YES,OK
A,c0a10887c231ff5e5e0c9c42d3c20224,LAW_007,LAW_007,1579,LAW_007_b1579_table,,,True,False,512,3,,YES,OK
A,873912bf9871e8b3e8b368f0f9c72038,LAW_007,LAW_007,1579,LAW_007_b1579_table,,,True,False,512,3,,YES,OK
A,765d2bff698e57cd654448a10787f5e8,LAW_007,LAW_007,1622,LAW_007_b1622_table,,,True,False,512,3,,YES,OK
A,ae966cb0b1f5e91c700251fb6d6311d8,LAW_007,LAW_007,1622,LAW_007_b1622_table,,,True,False,511,3,,YES,OK
A,1de939ec3a78a82b1632471f4e509595,LAW_007,LAW_007,1667,LAW_007_b1667_table,,,True,False,511,7,,YES,OK
A,36f36105908d339eec17963970de331b,LAW_007,LAW_007,1667,LAW_007_b1667_table,,,False,False,511,7,,UNKNOWN,HEADER_MISSING
A,36f36105908d339eec17963970de331b,LAW_007,LAW_007,1676,LAW_007_b1676_table,,,False,False,511,3,,UNKNOWN,HEADER_MISSING
A,9c41220fd389977c97877d95938faab9,LAW_007,LAW_007,1676,LAW_007_b1676_table,,,True,False,511,3,,YES,OK
A,bdbde90905bb3754d223e9224ba2d8e3,LAW_007,LAW_007,1703,LAW_007_b1703_table,,,True,False,512,7,,YES,OK
A,ae739ba862b487de60e720bf3cb19332,LAW_007,LAW_007,1703,LAW_007_b1703_table,,,True,False,512,7,,YES,OK
A,1870c96d373ca7be535891320d01d0de,LAW_007,LAW_007,1758,LAW_007_b1758_table,,,True,False,511,9,,YES,OK
A,418cfa8e2b85654518247dcf6c6232f4,LAW_007,LAW_007,1758,LAW_007_b1758_table,,,True,False,512,9,,YES,OK
A,88b8971c4620553ef40f8162013dfc0c,LAW_007,LAW_007,1811,LAW_007_b1811_table,,,True,False,512,3,,YES,OK
A,625c1a7318fe76b96ee069ea58484c0d,LAW_007,LAW_007,1811,LAW_007_b1811_table,,,True,False,512,3,,YES,OK
A,9099e3637bf2fa70759db01f8293aea9,LAW_007,LAW_007,1910,LAW_007_b1910_table,,,True,False,511,3,,YES,OK
A,7f7b1d4a3b67a58df725643b2436d635,LAW_007,LAW_007,1910,LAW_007_b1910_table,,,True,False,512,3,,YES,OK
A,93d31d176415ea202128e788cc0fc71e,LAW_007,LAW_007,1923,LAW_007_b1923_table,,,False,False,512,5,,UNKNOWN,HEADER_MISSING
A,93d31d176415ea202128e788cc0fc71e,LAW_007,LAW_007,1924,LAW_007_b1924_table,,,False,False,512,3,,UNKNOWN,HEADER_MISSING
A,5564c54bd03e2cd5efbf5376d1b2c2f2,LAW_007,LAW_007,1923,LAW_007_b1923_table,,,False,False,511,5,,UNKNOWN,HEADER_MISSING
A,5564c54bd03e2cd5efbf5376d1b2c2f2,LAW_007,LAW_007,1924,LAW_007_b1924_table,,,False,False,511,3,,UNKNOWN,HEADER_MISSING
A,5564c54bd03e2cd5efbf5376d1b2c2f2,LAW_007,LAW_007,1926,LAW_007_b1926_table,,,False,False,511,3,,UNKNOWN,HEADER_MISSING
A,1710e23e3764829c1c430c2821bcad13,LAW_007,LAW_007,1926,LAW_007_b1926_table,,,False,False,512,3,,UNKNOWN,HEADER_MISSING
A,1710e23e3764829c1c430c2821bcad13,LAW_007,LAW_007,1929,LAW_007_b1929_table,,,False,False,512,5,,UNKNOWN,HEADER_MISSING
A,4e03e877a69a7cd7c373cf4ba57bcf29,LAW_007,LAW_007,1929,LAW_007_b1929_table,,,True,False,511,5,,YES,OK
A,e2ac1cad154e5de0d5df43f6a20d6f08,LAW_007,LAW_007,1944,LAW_007_b1944_table,,,True,False,512,7,,YES,OK
A,8a7f4109ecd47f5ae9203c7772c18d98,LAW_007,LAW_007,1944,LAW_007_b1944_table,,,True,False,512,7,,YES,OK
A,bd0a22d737647f5f8269480bf4b7d115,LAW_007,LAW_007,1980,LAW_007_b1980_table,,,True,False,511,3,,YES,OK
A,3ac1254a38d406bb2ca3b6f567b8d5c0,LAW_007,LAW_007,1980,LAW_007_b1980_table,,,False,False,512,3,,UNKNOWN,HEADER_MISSING
A,3ac1254a38d406bb2ca3b6f567b8d5c0,LAW_007,LAW_007,1984,LAW_007_b1984_table,,,False,False,512,7,,UNKNOWN,HEADER_MISSING
A,4db640e184c455bea9460afcf1381ee3,LAW_007,LAW_007,1984,LAW_007_b1984_table,,,True,False,512,7,,YES,OK
A,7a5f68d5243c663f9d7e510e8e80b501,LAW_007,LAW_007,2067,LAW_007_b2067_table,,,True,False,512,8,,YES,OK
A,de3dfdcbc4eb266b0b6028e1833431c3,LAW_007,LAW_007,2067,LAW_007_b2067_table,,,True,False,511,8,,YES,OK
A,4f07e388c17680e4e30bd4cbe63a5e8b,LAW_007,LAW_007,2127,LAW_007_b2127_table,,,True,False,511,7,,YES,OK
A,eb9eed5675e9d8b8139e30cf4084dfef,LAW_007,LAW_007,2127,LAW_007_b2127_table,,,False,False,512,7,,UNKNOWN,HEADER_MISSING
A,eb9eed5675e9d8b8139e30cf4084dfef,LAW_007,LAW_007,2128,LAW_007_b2128_table,,,False,False,512,7,,UNKNOWN,HEADER_MISSING
A,c23b00f5471baa38d66ecd9a5322b2b0,LAW_007,LAW_007,2128,LAW_007_b2128_table,,,True,False,512,7,,YES,OK
A,f9047971000534962f4582529191856f,LAW_007,LAW_007,2150,LAW_007_b2150_table,,,True,False,512,5,,YES,OK
A,69e5e74e025fcf5aa8348b8032684a03,LAW_007,LAW_007,2150,LAW_007_b2150_table,,,True,False,511,5,,YES,OK
A,91c0591bf1b229471e329e75b4b9172f,LAW_007,LAW_007,2209,LAW_007_b2209_table,,,False,False,512,7,,UNKNOWN,HEADER_MISSING
A,91c0591bf1b229471e329e75b4b9172f,LAW_007,LAW_007,2211,LAW_007_b2211_table,,,False,False,512,3,,UNKNOWN,HEADER_MISSING
A,2b0347e7993f88de8ebc9c699e29d8fe,LAW_007,LAW_007,2209,LAW_007_b2209_table,,,False,False,512,7,,UNKNOWN,HEADER_MISSING
A,2b0347e7993f88de8ebc9c699e29d8fe,LAW_007,LAW_007,2211,LAW_007_b2211_table,,,False,False,512,3,,UNKNOWN,HEADER_MISSING
A,2b0347e7993f88de8ebc9c699e29d8fe,LAW_007,LAW_007,2212,LAW_007_b2212_table,,,False,False,512,5,,UNKNOWN,HEADER_MISSING
A,98eb711a2de98675b9ed12fe20001c5a,LAW_007,LAW_007,2212,LAW_007_b2212_table,,,False,False,511,5,,UNKNOWN,HEADER_MISSING
A,98eb711a2de98675b9ed12fe20001c5a,LAW_007,LAW_007,2216,LAW_007_b2216_table,,,False,False,511,3,,UNKNOWN,HEADER_MISSING
A,2549404285d341e7303721d5d890caad,LAW_007,LAW_007,2216,LAW_007_b2216_table,,,False,False,512,3,,UNKNOWN,HEADER_MISSING
A,2549404285d341e7303721d5d890caad,LAW_007,LAW_007,2217,LAW_007_b2217_table,,,False,False,512,3,,UNKNOWN,HEADER_MISSING
A,2549404285d341e7303721d5d890caad,LAW_007,LAW_007,2218,LAW_007_b2218_table,,,False,False,512,5,,UNKNOWN,HEADER_MISSING
A,4f233424cca0af5735dd867294af4585,LAW_007,LAW_007,2217,LAW_007_b2217_table,,,False,False,511,3,,UNKNOWN,HEADER_MISSING
A,4f233424cca0af5735dd867294af4585,LAW_007,LAW_007,2218,LAW_007_b2218_table,,,False,False,511,5,,UNKNOWN,HEADER_MISSING
A,4f233424cca0af5735dd867294af4585,LAW_007,LAW_007,2220,LAW_007_b2220_table,,,False,False,511,3,,UNKNOWN,HEADER_MISSING
A,4f233424cca0af5735dd867294af4585,LAW_007,LAW_007,2221,LAW_007_b2221_table,,,False,False,511,7,,UNKNOWN,HEADER_MISSING
A,193cab4087c3ae17d4907327d44dc3a0,LAW_007,LAW_007,2220,LAW_007_b2220_table,,,False,False,512,3,,UNKNOWN,HEADER_MISSING
A,193cab4087c3ae17d4907327d44dc3a0,LAW_007,LAW_007,2221,LAW_007_b2221_table,,,False,False,512,7,,UNKNOWN,HEADER_MISSING
A,193cab4087c3ae17d4907327d44dc3a0,LAW_007,LAW_007,2222,LAW_007_b2222_table,,,False,False,512,12,,UNKNOWN,HEADER_MISSING
A,8bd7f3298ec29f8d6429177e49a219a4,LAW_007,LAW_007,2221,LAW_007_b2221_table,,,False,False,512,7,,UNKNOWN,HEADER_MISSING
A,8bd7f3298ec29f8d6429177e49a219a4,LAW_007,LAW_007,2222,LAW_007_b2222_table,,,False,False,512,12,,UNKNOWN,HEADER_MISSING
A,caf5953071a5f3f15731c64c1a88e17c,LAW_007,LAW_007,2222,LAW_007_b2222_table,,,False,False,511,12,,UNKNOWN,HEADER_MISSING
A,caf5953071a5f3f15731c64c1a88e17c,LAW_007,LAW_007,2226,LAW_007_b2226_table,,,False,False,511,5,,UNKNOWN,HEADER_MISSING
A,636534d92dec2e3a2a0feeba243ba255,LAW_007,LAW_007,2226,LAW_007_b2226_table,,,False,False,512,5,,UNKNOWN,HEADER_MISSING
A,636534d92dec2e3a2a0feeba243ba255,LAW_007,LAW_007,2227,LAW_007_b2227_table,,,False,False,512,3,,UNKNOWN,HEADER_MISSING
A,8a4f5f09d1ee37833df33ad77792948b,LAW_007,LAW_007,2227,LAW_007_b2227_table,,,False,False,512,3,,UNKNOWN,HEADER_MISSING
A,8a4f5f09d1ee37833df33ad77792948b,LAW_007,LAW_007,2230,LAW_007_b2230_table,,,False,False,512,3,,UNKNOWN,HEADER_MISSING
A,8a4f5f09d1ee37833df33ad77792948b,LAW_007,LAW_007,2232,LAW_007_b2232_table,,,False,False,512,3,,UNKNOWN,HEADER_MISSING
A,74f9b3a48411af207a8d44e468d1b69a,LAW_007,LAW_007,2230,LAW_007_b2230_table,,,False,False,510,3,,UNKNOWN,HEADER_MISSING
A,74f9b3a48411af207a8d44e468d1b69a,LAW_007,LAW_007,2232,LAW_007_b2232_table,,,False,False,510,3,,UNKNOWN,HEADER_MISSING
A,74f9b3a48411af207a8d44e468d1b69a,LAW_007,LAW_007,2240,LAW_007_b2240_table,,,False,False,510,3,,UNKNOWN,HEADER_MISSING
A,9b3224323c57e09be9decb13d4428a78,LAW_007,LAW_007,2240,LAW_007_b2240_table,,,False,False,511,3,,UNKNOWN,HEADER_MISSING
A,9b3224323c57e09be9decb13d4428a78,LAW_007,LAW_007,2247,LAW_007_b2247_table,,,False,False,511,5,,UNKNOWN,HEADER_MISSING
A,9c147a2035313f60106397f1cd103a4d,LAW_007,LAW_007,2247,LAW_007_b2247_table,,,False,False,511,5,,UNKNOWN,HEADER_MISSING
A,9c147a2035313f60106397f1cd103a4d,LAW_007,LAW_007,2249,LAW_007_b2249_table,,,False,False,511,5,,UNKNOWN,HEADER_MISSING
A,faa70fc3d3462c344e91578ded25618d,LAW_007,LAW_007,2247,LAW_007_b2247_table,,,False,False,512,5,,UNKNOWN,HEADER_MISSING
A,faa70fc3d3462c344e91578ded25618d,LAW_007,LAW_007,2249,LAW_007_b2249_table,,,False,False,512,5,,UNKNOWN,HEADER_MISSING
A,faa70fc3d3462c344e91578ded25618d,LAW_007,LAW_007,2250,LAW_007_b2250_table,,,False,False,512,3,,UNKNOWN,HEADER_MISSING
A,33b1249be5e70b4540c1fb748c46e67f,LAW_007,LAW_007,2249,LAW_007_b2249_table,,,False,False,512,5,,UNKNOWN,HEADER_MISSING
A,33b1249be5e70b4540c1fb748c46e67f,LAW_007,LAW_007,2250,LAW_007_b2250_table,,,False,False,512,3,,UNKNOWN,HEADER_MISSING
A,33b1249be5e70b4540c1fb748c46e67f,LAW_007,LAW_007,2253,LAW_007_b2253_table,,,False,False,512,3,,UNKNOWN,HEADER_MISSING
A,66613bece1f1bb69964470e338a97bd2,LAW_007,LAW_007,2253,LAW_007_b2253_table,,,False,False,511,3,,UNKNOWN,HEADER_MISSING
A,66613bece1f1bb69964470e338a97bd2,LAW_007,LAW_007,2255,LAW_007_b2255_table,,,False,False,511,3,,UNKNOWN,HEADER_MISSING
A,66613bece1f1bb69964470e338a97bd2,LAW_007,LAW_007,2257,LAW_007_b2257_table,,,False,False,511,7,,UNKNOWN,HEADER_MISSING
A,9f00699b87ff6b8a03795f97aee18294,LAW_007,LAW_007,2255,LAW_007_b2255_table,,,False,False,512,3,,UNKNOWN,HEADER_MISSING
A,9f00699b87ff6b8a03795f97aee18294,LAW_007,LAW_007,2257,LAW_007_b2257_table,,,False,False,512,7,,UNKNOWN,HEADER_MISSING
A,9f00699b87ff6b8a03795f97aee18294,LAW_007,LAW_007,2259,LAW_007_b2259_table,,,False,False,512,5,,UNKNOWN,HEADER_MISSING
A,9a51010f3c884193a34a61ada8f4fd31,LAW_007,LAW_007,2259,LAW_007_b2259_table,,,False,False,511,5,,UNKNOWN,HEADER_MISSING
A,9a51010f3c884193a34a61ada8f4fd31,LAW_007,LAW_007,2262,LAW_007_b2262_table,,,False,False,511,3,,UNKNOWN,HEADER_MISSING
A,9a51010f3c884193a34a61ada8f4fd31,LAW_007,LAW_007,2263,LAW_007_b2263_table,,,False,False,511,3,,UNKNOWN,HEADER_MISSING
A,e2513e799c84774abde337d266b15772,LAW_007,LAW_007,2262,LAW_007_b2262_table,,,False,False,512,3,,UNKNOWN,HEADER_MISSING
A,e2513e799c84774abde337d266b15772,LAW_007,LAW_007,2263,LAW_007_b2263_table,,,False,False,512,3,,UNKNOWN,HEADER_MISSING
A,e2513e799c84774abde337d266b15772,LAW_007,LAW_007,2265,LAW_007_b2265_table,,,False,False,512,3,,UNKNOWN,HEADER_MISSING
A,9cc758806cd4e201342603ac94bf7b54,LAW_007,LAW_007,2265,LAW_007_b2265_table,,,False,False,512,3,,UNKNOWN,HEADER_MISSING
A,9cc758806cd4e201342603ac94bf7b54,LAW_007,LAW_007,2268,LAW_007_b2268_table,,,False,False,512,7,,UNKNOWN,HEADER_MISSING
A,803884fe0e496156cb76ff24e20d5558,LAW_007,LAW_007,2268,LAW_007_b2268_table,,,False,False,512,7,,UNKNOWN,HEADER_MISSING
A,803884fe0e496156cb76ff24e20d5558,LAW_007,LAW_007,2270,LAW_007_b2270_table,,,False,False,512,3,,UNKNOWN,HEADER_MISSING
A,a15cd4918511aebe9d9abc11d6987184,LAW_007,LAW_007,2465,LAW_007_b2465_table,,,True,False,511,7,,YES,OK
A,569ca6defe0310923e23b4cae45d590b,LAW_007,LAW_007,2465,LAW_007_b2465_table,,,True,False,512,7,,YES,OK
A,2c161df1938de985391b03cc99cd8e4e,LAW_007,LAW_007,2555,LAW_007_b2555_table,,,True,False,512,3,,YES,OK
A,12da2963c94c1a67c80bb33ff60067fe,LAW_007,LAW_007,2555,LAW_007_b2555_table,,,False,False,512,3,,UNKNOWN,HEADER_MISSING
A,12da2963c94c1a67c80bb33ff60067fe,LAW_007,LAW_007,2561,LAW_007_b2561_table,,,False,False,512,5,,UNKNOWN,HEADER_MISSING
A,8809bb2da6a95e64eac5eba388fe3927,LAW_007,LAW_007,2561,LAW_007_b2561_table,,,False,False,512,5,,UNKNOWN,HEADER_MISSING
A,8809bb2da6a95e64eac5eba388fe3927,LAW_007,LAW_007,2562,LAW_007_b2562_table,,,False,False,512,3,,UNKNOWN,HEADER_MISSING
A,874da4362c4803d1b90451926c27f201,LAW_007,LAW_007,2562,LAW_007_b2562_table,,,True,False,511,3,,YES,OK
A,6f82510fee66a35511bad76fe6918ea1,LAW_007,LAW_007,2671,LAW_007_b2671_table,,,True,False,511,3,,YES,OK
A,5ad3bf97b26368ea5ce9ea04524ea308,LAW_007,LAW_007,2671,LAW_007_b2671_table,,,True,False,511,3,,YES,OK
A,a403cb925499077db16cf804efddb41d,LAW_007,LAW_007,2730,LAW_007_b2730_table,,,True,False,511,7,,YES,OK
A,3cbf4b2e4018a590935391bc4dcc5906,LAW_007,LAW_007,2730,LAW_007_b2730_table,,,True,False,512,7,,YES,OK
A,67d3d417d4a662b4b9cd5ebad4d6d4c8,LAW_007,LAW_007,2847,LAW_007_b2847_table,,,True,False,511,7,,YES,OK
A,34c9eb35f408486e6a465767e4c592bc,LAW_007,LAW_007,2847,LAW_007_b2847_table,,,True,False,512,7,,YES,OK
A,ea2585688e4a85a5903cddf2ab1bb58e,LAW_007,LAW_007,2847,LAW_007_b2847_table,,,False,False,512,7,,UNKNOWN,HEADER_MISSING
A,ea2585688e4a85a5903cddf2ab1bb58e,LAW_007,LAW_007,2851,LAW_007_b2851_table,,,False,False,512,3,,UNKNOWN,HEADER_MISSING
A,2b720173b532989e6eeda7c140a69b29,LAW_007,LAW_007,2851,LAW_007_b2851_table,,,False,False,512,3,,UNKNOWN,HEADER_MISSING
A,2b720173b532989e6eeda7c140a69b29,LAW_007,LAW_007,2862,LAW_007_b2862_table,,,False,False,512,3,,UNKNOWN,HEADER_MISSING
A,c9b8bd5b09a069a7c999baf619a52350,LAW_007,LAW_007,2862,LAW_007_b2862_table,,,False,False,512,3,,UNKNOWN,HEADER_MISSING
A,c9b8bd5b09a069a7c999baf619a52350,LAW_007,LAW_007,2866,LAW_007_b2866_table,,,False,False,512,3,,UNKNOWN,HEADER_MISSING
A,426d2852b9b371503e23d8ed56863e22,LAW_007,LAW_007,2866,LAW_007_b2866_table,,,True,False,510,3,,YES,OK
A,031fec2908b75e647d36576d4bbcf93d,LAW_007,LAW_007,2897,LAW_007_b2897_table,,,False,False,512,10,,UNKNOWN,HEADER_MISSING
A,5ae0d6112560db2a4b92715d0a057b80,LAW_007,LAW_007,2897,LAW_007_b2897_table,,,False,False,512,10,,UNKNOWN,HEADER_MISSING
A,5ae0d6112560db2a4b92715d0a057b80,LAW_007,LAW_007,2899,LAW_007_b2899_table,,,False,False,512,3,,UNKNOWN,HEADER_MISSING
A,77b7a0ff820d4bdc1d0fb91a881a3eda,LAW_007,LAW_007,2897,LAW_007_b2897_table,,,False,False,512,10,,UNKNOWN,HEADER_MISSING
A,77b7a0ff820d4bdc1d0fb91a881a3eda,LAW_007,LAW_007,2899,LAW_007_b2899_table,,,False,False,512,3,,UNKNOWN,HEADER_MISSING
A,12e42a5b953ca4de26375432773f0c3c,LAW_007,LAW_007,2933,LAW_007_b2933_table,,,True,False,511,5,,YES,OK
A,2e4b8b18e6ac6263c5e49175aedd5139,LAW_007,LAW_007,2933,LAW_007_b2933_table,,,True,False,512,5,,YES,OK
A,f8c43207d6ac4eb917996e41e38a89c1,LAW_007,LAW_007,3011,LAW_007_b3011_table,,,True,False,511,7,,YES,OK
A,7182d1dea6031a5e39d20b8a9f3bd19d,LAW_007,LAW_007,3011,LAW_007_b3011_table,,,True,False,511,7,,YES,OK
A,3d48c436a16930f40abe347f97a9fb3b,LAW_007,LAW_007,3029,LAW_007_b3029_table,,,True,False,511,5,,YES,OK
A,fe226944fb06b525c0d53c0a110ac212,LAW_007,LAW_007,3029,LAW_007_b3029_table,,,True,False,512,5,,YES,OK
A,aa06ee058347e4315bb42b3bfe5d63d5,LAW_007,LAW_007,3029,LAW_007_b3029_table,,,True,False,512,5,,YES,OK
A,fa16c3046d2ee2d4f43172021f17e33b,LAW_007,LAW_007,3083,LAW_007_b3083_table,,,True,False,511,7,,YES,OK
A,13a7b7e415111f655e1d26f3e81bf382,LAW_007,LAW_007,3083,LAW_007_b3083_table,,,True,False,511,7,,YES,OK
A,95133e06cf1b8527f999aba39b80f646,LAW_007,LAW_007,3097,LAW_007_b3097_table,,,True,False,510,3,,YES,OK
A,03bacef30662258704f9d06fb17f5764,LAW_007,LAW_007,3097,LAW_007_b3097_table,,,False,False,511,3,,UNKNOWN,HEADER_MISSING
A,03bacef30662258704f9d06fb17f5764,LAW_007,LAW_007,3100,LAW_007_b3100_table,,,False,False,511,13,,UNKNOWN,HEADER_MISSING
A,034dac7ada5a8aaaa8a273fe77793473,LAW_007,LAW_007,3100,LAW_007_b3100_table,,,True,False,511,13,,YES,OK
A,6c3b0697794fd676c37b52c5360e6424,LAW_007,LAW_007,3217,LAW_007_b3217_table,,,True,False,512,3,,YES,OK
A,91413651380baf4b30d1f6c22d7ebbe2,LAW_007,LAW_007,3217,LAW_007_b3217_table,,,True,False,512,3,,YES,OK
A,513f511fdac2d2edc7114827bf5c1e48,LAW_007,LAW_007,3266,LAW_007_b3266_table,,,True,False,511,8,,YES,OK
A,759c96d91d3d2148d6df3be31b6b2db7,LAW_007,LAW_007,3266,LAW_007_b3266_table,,,True,False,512,8,,YES,OK
A,e3b7adc90a99e7892de40f4907637ad2,LAW_007,LAW_007,3373,LAW_007_b3373_table,,,True,False,512,7,,YES,OK
A,016721cbe5ace73101d4c71cb83889da,LAW_007,LAW_007,3373,LAW_007_b3373_table,,,True,False,511,7,,YES,OK
A,3770e4488f25fdb660db5d1896518e12,LAW_007,LAW_007,3373,LAW_007_b3373_table,,,True,False,511,7,,YES,OK
A,97b10b8e82dfffaf4fff8a94eaea9019,LAW_007,LAW_007,3391,LAW_007_b3391_table,,,True,False,511,3,,YES,OK
A,7aa384873fb870d2f88ee2a70d236785,LAW_007,LAW_007,3391,LAW_007_b3391_table,,,True,False,512,3,,YES,OK
A,1ac954c9fb20e591ceed4a29a53f2599,LAW_007,LAW_007,3428,LAW_007_b3428_table,,,True,False,510,7,,YES,OK
A,06f98ca08f8dd05151a396007a7f7ecd,LAW_007,LAW_007,3428,LAW_007_b3428_table,,,False,False,512,7,,UNKNOWN,HEADER_MISSING
A,06f98ca08f8dd05151a396007a7f7ecd,LAW_007,LAW_007,3429,LAW_007_b3429_table,,,False,False,512,5,,UNKNOWN,HEADER_MISSING
A,46de4c9d76399b0ac028ddcfb6ba23f9,LAW_007,LAW_007,3429,LAW_007_b3429_table,,,False,False,511,5,,UNKNOWN,HEADER_MISSING
A,46de4c9d76399b0ac028ddcfb6ba23f9,LAW_007,LAW_007,3435,LAW_007_b3435_table,,,False,False,511,7,,UNKNOWN,HEADER_MISSING
A,ba5e2707ec7747c97599ce9c97dcf76c,LAW_007,LAW_007,3435,LAW_007_b3435_table,,,True,False,511,7,,YES,OK
A,77616c9d07a52307d5f9d5792bb77dcd,LAW_007,LAW_007,3435,LAW_007_b3435_table,,,True,False,510,7,,YES,OK
A,e9ea17b6fde3dff10b51d41cab0efcdb,LAW_007,LAW_007,3993,LAW_007_b3993_table,,,True,False,512,5,,YES,OK
A,3ca1f2abceb35e26a2d197283b4f79dd,LAW_007,LAW_007,3993,LAW_007_b3993_table,,,True,False,512,5,,YES,OK
A,5515023d38bb7f1bee8fbdf174c96106,LAW_007,LAW_007,4316,LAW_007_b4316_table,,,True,False,512,7,,YES,OK
A,c81fe5c88829cc7442f7b0f3d5741894,LAW_007,LAW_007,4316,LAW_007_b4316_table,,,True,False,512,7,,YES,OK
A,6c233e87f8bc15365b36bbc6ade6f306,LAW_007,LAW_007,4316,LAW_007_b4316_table,,,True,False,511,7,,YES,OK
A,0585c336f43703344c97cff21d22a549,LAW_007,LAW_007,4357,LAW_007_b4357_table,,,False,False,512,10,,UNKNOWN,HEADER_MISSING
A,719eb5c8e1acc99871791e25e57984a8,LAW_007,LAW_007,4357,LAW_007_b4357_table,,,False,False,512,10,,UNKNOWN,HEADER_MISSING
A,38a80fbfa3d1f46326234e8457d43a15,LAW_007,LAW_007,4357,LAW_007_b4357_table,,,False,False,512,10,,UNKNOWN,HEADER_MISSING
A,ddb37981fe37b2ecdc44078055b6881a,LAW_007,LAW_007,4490,LAW_007_b4490_table,,,True,False,512,3,,YES,OK
A,b4499482dcbf8ca0aa918de298c21a54,LAW_007,LAW_007,4490,LAW_007_b4490_table,,,True,False,512,3,,YES,OK
A,4c23a4c72b47e75c2ef6496d78c54966,LAW_007,LAW_007,4529,LAW_007_b4529_table,,,True,False,511,3,,YES,OK
A,c72439552925ac0de44d06299cda01b0,LAW_007,LAW_007,4529,LAW_007_b4529_table,,,True,False,512,3,,YES,OK
A,802da60092b0d7fbd1ac444f55b99660,LAW_007,LAW_007,4544,LAW_007_b4544_table,,,True,False,512,3,,YES,OK
A,29764fb1c66705268ba0de1cc827a82c,LAW_007,LAW_007,4544,LAW_007_b4544_table,,,True,False,512,3,,YES,OK
A,ec2e42369e59803980ea73bb5ea7cb2c,LAW_007,LAW_007,4746,LAW_007_b4746_table,,,True,False,512,5,,YES,OK
A,2b4b43914c9d8c57f33abe1ad090f18e,LAW_007,LAW_007,4746,LAW_007_b4746_table,,,True,False,512,5,,YES,OK
A,045668e69b3cd7ed05506280afc9a672,LAW_007,LAW_007,4880,LAW_007_b4880_table,,,True,False,511,3,,YES,OK
A,9e3fcb772f23d51ddbdc026a769b9d27,LAW_007,LAW_007,4945,LAW_007_b4945_table,,,False,False,512,7,,UNKNOWN,HEADER_MISSING
A,2ad7687b6c0ef7950ce57aa6efd412db,LAW_007,LAW_007,4945,LAW_007_b4945_table,,,False,False,512,7,,UNKNOWN,HEADER_MISSING
A,d55f8035fdd1a535f3e01a5ec3492258,LAW_007,LAW_007,4945,LAW_007_b4945_table,,,False,False,512,7,,UNKNOWN,HEADER_MISSING
A,70dfa32eaf9cb5daaa03b1143ebe42be,LAW_007,LAW_007,4977,LAW_007_b4977_table,,,True,False,512,3,,YES,OK
A,705dbfa801d02c28cb476a48bdacf842,LAW_007,LAW_007,4977,LAW_007_b4977_table,,,True,False,512,3,,YES,OK
A,6334f09fe8c641f5b9826c74c8fccd75,LAW_007,LAW_007,5034,LAW_007_b5034_table,,,True,False,512,5,,YES,OK
A,f992b7c150c3e2e1843f5b9984062ced,LAW_007,LAW_007,5034,LAW_007_b5034_table,,,True,False,512,5,,YES,OK
A,4ccb5ba477ba7b2e12a7d3319469ad21,LAW_007,LAW_007,5049,LAW_007_b5049_table,,,True,False,510,3,,YES,OK
A,721fc33ed4e6ec01ca971ae634f03167,LAW_007,LAW_007,5049,LAW_007_b5049_table,,,True,False,512,3,,YES,OK
B,b35ed83f53173af684511f2aaaeeb2d8,LAW_007,LAW_007,28,LAW_007_b28_table,,,True,True,848,3,3,YES,OK
B,04e0023c84b412f9817751cd6e8322eb,LAW_007,LAW_007,400,LAW_007_b400_table,,,True,True,681,3,3,YES,OK
B,e6909b045e666b0c7db95493120a038a,LAW_007,LAW_007,500,LAW_007_b500_table,,,True,True,1309,5,5,YES,OK
B,40924ef986faa2cfe943034e346b44f3,LAW_007,LAW_007,501,LAW_007_b501_table,,,True,True,821,3,3,YES,OK
B,37246dbf00477334b8bb0cd05a1b6339,LAW_007,LAW_007,567,LAW_007_b567_table,,,True,True,834,8,8,YES,OK
B,7a4dbb227ab64d5b6b631df342ee1e7d,LAW_007,LAW_007,590,LAW_007_b590_table,,,True,True,794,8,8,YES,OK
B,9fc224bc9ce423652707b85b8cb3ad81,LAW_007,LAW_007,720,LAW_007_b720_table,,,True,True,849,3,3,YES,OK
B,f028c37b450a1bd4d7d5d899dbfcb1ae,LAW_007,LAW_007,1157,LAW_007_b1157_table,,,True,True,765,12,12,YES,OK
B,248663ef3849355d364155ad1429575a,LAW_007,LAW_007,1245,LAW_007_b1245_table,,,True,True,665,5,5,YES,OK
B,ccb7bc6d1a31643d9ec36ce6c31a5c36,LAW_007,LAW_007,1353,LAW_007_b1353_table,,,True,True,796,4,4,YES,OK
B,b73cbf09875ef3bfc5ab49ce03de88f7,LAW_007,LAW_007,1408,LAW_007_b1408_table,,,True,True,799,8,8,YES,OK
B,4c3a765dac4ccf0d58c90f3820a2edc5,LAW_007,LAW_007,1419,LAW_007_b1419_table,,,True,True,806,7,7,YES,OK
B,448fedd7a8af2a943ac6b47a2a35b4c3,LAW_007,LAW_007,1525,LAW_007_b1525_table,,,True,True,824,4,4,YES,OK
B,c14b7485a99c44a5f746cbd6f6c221f5,LAW_007,LAW_007,1563,LAW_007_b1563_table,,,True,True,828,7,7,YES,OK
B,dd75d9619316c5d9c36b484cde65cb66,LAW_007,LAW_007,1579,LAW_007_b1579_table,,,True,True,608,3,3,YES,OK
B,23c12482887da833690690e91d60cc25,LAW_007,LAW_007,1622,LAW_007_b1622_table,,,True,True,798,3,3,YES,OK
B,d4e118a8a06ffaafc2227fd55e488cd0,LAW_007,LAW_007,1667,LAW_007_b1667_table,,,True,True,806,7,7,YES,OK
B,49568c8209905580ec50b87c371b0bf3,LAW_007,LAW_007,1676,LAW_007_b1676_table,,,True,True,595,3,3,YES,OK
B,20f13c9aac0e7d18c3e10b7d1b53da62,LAW_007,LAW_007,1703,LAW_007_b1703_table,,,True,True,747,7,7,YES,OK
B,bbc9ce3804e6bee6d490dbaa9672bf8e,LAW_007,LAW_007,1758,LAW_007_b1758_table,,,True,True,809,9,9,YES,OK
B,1da6df2624a4fcdc97dc09ca2b423b28,LAW_007,LAW_007,1811,LAW_007_b1811_table,,,True,True,860,3,3,YES,OK
B,23c4aabd4d8f565e864979cf39eca454,LAW_007,LAW_007,1910,LAW_007_b1910_table,,,True,True,816,3,3,YES,OK
B,338e3ac1ac85c4038ac9e3e87eb91507,LAW_007,LAW_007,1923,LAW_007_b1923_table,,,True,True,851,5,5,YES,OK
B,5ab3153c8bb052c561eca76a3c190769,LAW_007,LAW_007,1924,LAW_007_b1924_table,,,True,True,622,3,3,YES,OK
B,bcbb8fe59f3f306859881cc0e44c21ef,LAW_007,LAW_007,1926,LAW_007_b1926_table,,,True,True,625,3,3,YES,OK
B,23f73483efa8b4ec0acca53fdecd57f4,LAW_007,LAW_007,1929,LAW_007_b1929_table,,,True,True,942,5,5,YES,OK
B,3681741a43cef07444b834b298e68207,LAW_007,LAW_007,1944,LAW_007_b1944_table,,,True,True,753,7,7,YES,OK
B,c0a53c98a58ea5ce2b02557d413a6fbc,LAW_007,LAW_007,1980,LAW_007_b1980_table,,,True,True,609,3,3,YES,OK
B,1ba6e79074a224e4bc8cb7ea7792515c,LAW_007,LAW_007,1984,LAW_007_b1984_table,,,True,True,806,7,7,YES,OK
B,7baf19587ff457f13fab54cb53a85d4b,LAW_007,LAW_007,2067,LAW_007_b2067_table,,,True,True,801,8,8,YES,OK
B,9166f49bcdc688d5571789fa2fdb389e,LAW_007,LAW_007,2127,LAW_007_b2127_table,,,True,True,813,7,7,YES,OK
B,3feb992c6bc0c6d63bbaade2c821f6c3,LAW_007,LAW_007,2128,LAW_007_b2128_table,,,True,True,674,7,7,YES,OK
B,265804c127ee3e89639193440ba565a7,LAW_007,LAW_007,2150,LAW_007_b2150_table,,,True,True,811,5,5,YES,OK
B,a755a262d0ffbc35c9cd6f1b43e28254,LAW_007,LAW_007,2209,LAW_007_b2209_table,,,True,True,849,7,7,YES,OK
B,a17d9f742d9d29542fcf3ac315c60a38,LAW_007,LAW_007,2211,LAW_007_b2211_table,,,True,True,610,3,3,YES,OK
B,8f4b0281b2a0dd3135a2b0638574a20d,LAW_007,LAW_007,2212,LAW_007_b2212_table,,,True,True,847,5,5,YES,OK
B,0d1cc0723a1849824a93cb13273f8990,LAW_007,LAW_007,2216,LAW_007_b2216_table,,,True,True,803,3,3,YES,OK
B,8970c836590ce5a0665473ea6d3e5206,LAW_007,LAW_007,2217,LAW_007_b2217_table,,,True,True,870,3,3,YES,OK
B,1cddcdc267ce9c27d95946d75c167b04,LAW_007,LAW_007,2218,LAW_007_b2218_table,,,True,True,748,5,5,YES,OK
B,aeeb6a27412932015278432b959bcd58,LAW_007,LAW_007,2220,LAW_007_b2220_table,,,True,True,614,3,3,YES,OK
B,5f6391830d055190b9d8618f6bd6e3cb,LAW_007,LAW_007,2221,LAW_007_b2221_table,,,True,True,780,7,7,YES,OK
B,fb8b89907e36e5b8e2108eb91658eca3,LAW_007,LAW_007,2222,LAW_007_b2222_table,,,True,True,776,12,12,YES,OK
B,f177723d2e1703f841bb9dbde326ee72,LAW_007,LAW_007,2226,LAW_007_b2226_table,,,True,True,788,5,5,YES,OK
B,61f57565a13c2084c23c04d7ba0fbff0,LAW_007,LAW_007,2227,LAW_007_b2227_table,,,True,True,818,3,3,YES,OK
B,6ff354b5e778411545b419d33ab9cef4,LAW_007,LAW_007,2230,LAW_007_b2230_table,,,True,True,639,3,3,YES,OK
B,1521cbe4e104e7767fe42190dc7bb3f6,LAW_007,LAW_007,2232,LAW_007_b2232_table,,,True,True,855,3,3,YES,OK
B,89d75bb584ae9e279e7c770b2d8b01d0,LAW_007,LAW_007,2240,LAW_007_b2240_table,,,True,True,860,3,3,YES,OK
B,40998bb492d302dab0eb7e6246e50890,LAW_007,LAW_007,2247,LAW_007_b2247_table,,,True,True,700,5,5,YES,OK
B,c25eff2b40587c9a4400d8f38ff5adca,LAW_007,LAW_007,2249,LAW_007_b2249_table,,,True,True,1071,5,5,YES,OK
B,1e92baa6ae021c43e865ee459242b9b9,LAW_007,LAW_007,2250,LAW_007_b2250_table,,,True,True,855,3,3,YES,OK
B,e65e75173496b50c3a0bc9d06dc5450d,LAW_007,LAW_007,2253,LAW_007_b2253_table,,,True,True,612,3,3,YES,OK
B,dc065dc5679aaa3abec1c41e50bebf9a,LAW_007,LAW_007,2255,LAW_007_b2255_table,,,True,True,594,3,3,YES,OK
B,cebf744c4ab3843da6e4ff6238475261,LAW_007,LAW_007,2257,LAW_007_b2257_table,,,True,True,767,7,7,YES,OK
B,250aa9f7caf693d835ccccc26a37d80b,LAW_007,LAW_007,2259,LAW_007_b2259_table,,,True,True,826,5,5,YES,OK
B,ee7ab0e7788696acfd26c09ba981daea,LAW_007,LAW_007,2262,LAW_007_b2262_table,,,True,True,606,3,3,YES,OK
B,b31da2b9fbf86cfb51084cf9d5b6a67c,LAW_007,LAW_007,2263,LAW_007_b2263_table,,,True,True,863,3,3,YES,OK
B,debcd1c7fa0a8614504209a7d4436d73,LAW_007,LAW_007,2265,LAW_007_b2265_table,,,True,True,830,3,3,YES,OK
B,b9bebf20b5e6fe4e4412e56e0edf284d,LAW_007,LAW_007,2268,LAW_007_b2268_table,,,True,True,851,7,7,YES,OK
B,f89560c2d7ee096dbeef6961559560df,LAW_007,LAW_007,2270,LAW_007_b2270_table,,,True,True,570,3,3,YES,OK
B,95e6bfef8fda7e6dadccbe9c43594d5a,LAW_007,LAW_007,2465,LAW_007_b2465_table,,,True,True,894,7,7,YES,OK
B,dc6749bc9601a48fc3ed966df71e563a,LAW_007,LAW_007,2555,LAW_007_b2555_table,,,True,True,841,3,3,YES,OK
B,2b09dd716303d67e2b05ea88313b89a9,LAW_007,LAW_007,2561,LAW_007_b2561_table,,,True,True,696,5,5,YES,OK
B,78ed9f1087036fca2219b216dccdad63,LAW_007,LAW_007,2562,LAW_007_b2562_table,,,True,True,601,3,3,YES,OK
B,578f5e3e9686c4ed9877a4eaed2ae8ba,LAW_007,LAW_007,2671,LAW_007_b2671_table,,,True,True,696,3,3,YES,OK
B,1b1f1c26257a981ccf1acfcc523080a8,LAW_007,LAW_007,2730,LAW_007_b2730_table,,,True,True,755,7,7,YES,OK
B,e20d9328500486498e2b505d978b5496,LAW_007,LAW_007,2847,LAW_007_b2847_table,,,True,True,835,7,7,YES,OK
B,4fdea7570f03148f00574de0cd59d4ed,LAW_007,LAW_007,2851,LAW_007_b2851_table,,,True,True,640,3,3,YES,OK
B,a51cbc0ce2cdc13b89974915bdfe6f64,LAW_007,LAW_007,2862,LAW_007_b2862_table,,,True,True,872,3,3,YES,OK
B,a8eb78bce3262a015eec2dd86c505766,LAW_007,LAW_007,2866,LAW_007_b2866_table,,,True,True,847,3,3,YES,OK
B,eaed34e10eeabe498e8ce52aee5be899,LAW_007,LAW_007,2897,LAW_007_b2897_table,,,True,True,693,10,10,YES,OK
B,6b5ab4f8cdc88ff2119cf5887f3890dd,LAW_007,LAW_007,2899,LAW_007_b2899_table,,,True,True,889,3,3,YES,OK
B,f28748c5d2057f2119b21eff246a1ea3,LAW_007,LAW_007,2933,LAW_007_b2933_table,,,True,True,681,5,5,YES,OK
B,82c1a03931ab2ceeeba8aa7b8ae58725,LAW_007,LAW_007,3011,LAW_007_b3011_table,,,True,True,824,7,7,YES,OK
B,5a98b91d234c2edef6a80029d166a739,LAW_007,LAW_007,3029,LAW_007_b3029_table,,,True,True,680,5,5,YES,OK
B,cec7dd331d12084401cf1843962cc201,LAW_007,LAW_007,3083,LAW_007_b3083_table,,,True,True,861,7,7,YES,OK
B,13482b55d40aa0d6bdac7a0d1dc0b4a1,LAW_007,LAW_007,3097,LAW_007_b3097_table,,,True,True,874,3,3,YES,OK
B,8c9e7a2a4431bc6c0679bef0ffaabd61,LAW_007,LAW_007,3100,LAW_007_b3100_table,,,True,True,814,13,13,YES,OK
B,c852c0d6bdcc25c8f3050812c3682a25,LAW_007,LAW_007,3217,LAW_007_b3217_table,,,True,True,613,3,3,YES,OK
B,8b46d5df62398e58f0e277a40a6f067f,LAW_007,LAW_007,3266,LAW_007_b3266_table,,,True,True,774,8,8,YES,OK
B,df96a4f4af646b4c55f1c078897b0412,LAW_007,LAW_007,3373,LAW_007_b3373_table,,,True,True,697,7,7,YES,OK
B,98f9ca72ce45c224702bbf811fe368a5,LAW_007,LAW_007,3391,LAW_007_b3391_table,,,True,True,701,3,3,YES,OK
B,2c201ab3969d7978e8e114c451760289,LAW_007,LAW_007,3428,LAW_007_b3428_table,,,True,True,875,7,7,YES,OK
B,d3bdb0e0fb7bd5750e6bba08e934d661,LAW_007,LAW_007,3429,LAW_007_b3429_table,,,True,True,814,5,5,YES,OK
B,4384fb28a8d9da7bd22441f325a0dc38,LAW_007,LAW_007,3435,LAW_007_b3435_table,,,True,True,826,7,7,YES,OK
B,c11a87b5b6b36b5ddcd0660b0aa10f62,LAW_007,LAW_007,3993,LAW_007_b3993_table,,,True,True,827,5,5,YES,OK
B,784904c9bd2c3f34224ee3ed4de70aee,LAW_007,LAW_007,4316,LAW_007_b4316_table,,,True,True,696,7,7,YES,OK
B,d7f9811dab933c887a43bdc6ca861d05,LAW_007,LAW_007,4357,LAW_007_b4357_table,,,True,True,699,10,10,YES,OK
B,5fb0561939ee6cb73c13976abaf29ed6,LAW_007,LAW_007,4490,LAW_007_b4490_table,,,True,True,669,3,3,YES,OK
B,afee1c102c2ac37a079ea114651d8ab6,LAW_007,LAW_007,4529,LAW_007_b4529_table,,,True,True,856,3,3,YES,OK
B,48a079e014a073adce1a9b4adb018227,LAW_007,LAW_007,4544,LAW_007_b4544_table,,,True,True,653,3,3,YES,OK
B,0fe9cb3f38a4299e43c7a1e12d316512,LAW_007,LAW_007,4746,LAW_007_b4746_table,,,True,True,702,5,5,YES,OK
B,72f76bd5472ffce1b60b0c7c693f6f5e,LAW_007,LAW_007,4880,LAW_007_b4880_table,,,True,True,646,3,3,YES,OK
B,998dc5f695e0b60908d61aad94c554a0,LAW_007,LAW_007,4945,LAW_007_b4945_table,,,True,True,1195,7,7,YES,OK
B,e1ff30264770cde39a6b1c4baaa309ea,LAW_007,LAW_007,4977,LAW_007_b4977_table,,,True,True,642,3,3,YES,OK
B,891943756d4f1d14636f24c07e606421,LAW_007,LAW_007,5034,LAW_007_b5034_table,,,True,True,812,5,5,YES,OK
B,5690f9072d9742dfb3048d643ea516d3,LAW_007,LAW_007,5049,LAW_007_b5049_table,,,True,True,886,3,3,YES,OK
A,ab20db93fed4df8ce3e516bed8f73a8b,LAW_009,LAW_009,110,LAW_009_b110_table,,,True,False,512,3,,YES,OK
A,665b3d2840a56e1f740ca71eb21c8ed2,LAW_009,LAW_009,110,LAW_009_b110_table,,,True,False,512,3,,YES,OK
A,105b4cf7d3b0d6e75efd376b8bc0105c,LAW_009,LAW_009,200,LAW_009_b200_table,,,True,False,512,5,,YES,OK
A,1af0f7b3708c10c845b91a73cb9c524d,LAW_009,LAW_009,200,LAW_009_b200_table,,,False,False,512,5,,UNKNOWN,HEADER_MISSING
A,1af0f7b3708c10c845b91a73cb9c524d,LAW_009,LAW_009,201,LAW_009_b201_table,,,False,False,512,3,,UNKNOWN,HEADER_MISSING
A,fc8a4245a29bdc8c81fb293f4d719a3c,LAW_009,LAW_009,201,LAW_009_b201_table,,,False,False,512,3,,UNKNOWN,HEADER_MISSING
A,fc8a4245a29bdc8c81fb293f4d719a3c,LAW_009,LAW_009,208,LAW_009_b208_table,,,False,False,512,3,,UNKNOWN,HEADER_MISSING
A,9b2bcda79ae92d608ff73e6f30b3f987,LAW_009,LAW_009,238,LAW_009_b238_table,,,True,False,512,3,,YES,OK
A,63b131cc6563cd1410d53f80ea182351,LAW_009,LAW_009,238,LAW_009_b238_table,,,True,False,511,3,,YES,OK
A,bd92cb4dc94ecd74b3be2e98496f83b5,LAW_009,LAW_009,271,LAW_009_b271_table,,,True,False,512,5,,YES,OK
A,8fa4d2bda970b5cae58e33fd609ecc7c,LAW_009,LAW_009,271,LAW_009_b271_table,,,False,False,512,5,,UNKNOWN,HEADER_MISSING
A,8fa4d2bda970b5cae58e33fd609ecc7c,LAW_009,LAW_009,280,LAW_009_b280_table,,,False,False,512,3,,UNKNOWN,HEADER_MISSING
A,5e31e721abfe252539be12f200db82b7,LAW_009,LAW_009,280,LAW_009_b280_table,,,True,False,512,3,,YES,OK
A,f1a14520c362bcc8ef0c69250e17e887,LAW_009,LAW_009,318,LAW_009_b318_table,,,True,False,511,3,,YES,OK
A,570b02b8f43c9eefed73622cf646477f,LAW_009,LAW_009,318,LAW_009_b318_table,,,True,False,512,3,,YES,OK
A,34b19050dbfd8512b638318c6a00a08f,LAW_009,LAW_009,343,LAW_009_b343_table,,,True,False,512,3,,YES,OK
A,7b472d11f227f82bcd9c1b089670917b,LAW_009,LAW_009,343,LAW_009_b343_table,,,True,False,512,3,,YES,OK
A,2e43c765387e34b035cdba5142b7ee4a,LAW_009,LAW_009,376,LAW_009_b376_table,,,True,False,512,3,,YES,OK
A,dccc3bd1c37dd23225a83e884c18c784,LAW_009,LAW_009,376,LAW_009_b376_table,,,True,False,512,3,,YES,OK
A,31417503fc769e2cc48d28209f388ccb,LAW_009,LAW_009,415,LAW_009_b415_table,,,True,False,512,7,,YES,OK
A,6655ce10cfa1b0389a2751451c683068,LAW_009,LAW_009,415,LAW_009_b415_table,,,True,False,512,7,,YES,OK
A,22c972fc4d8a215965d360e2c56c10d3,LAW_009,LAW_009,415,LAW_009_b415_table,,,False,False,511,7,,UNKNOWN,HEADER_MISSING
A,22c972fc4d8a215965d360e2c56c10d3,LAW_009,LAW_009,431,LAW_009_b431_table,,,False,False,511,3,,UNKNOWN,HEADER_MISSING
A,62492b69d80bfa24cc4bc477ef9882c5,LAW_009,LAW_009,431,LAW_009_b431_table,,,True,False,512,3,,YES,OK
A,bc84edd95bf88705b652b688d9188785,LAW_009,LAW_009,502,LAW_009_b502_table,,,True,False,511,3,,YES,OK
A,e2a94992c44ff6e70035a020e64e13a5,LAW_009,LAW_009,502,LAW_009_b502_table,,,False,False,511,3,,UNKNOWN,HEADER_MISSING
A,e2a94992c44ff6e70035a020e64e13a5,LAW_009,LAW_009,507,LAW_009_b507_table,,,False,False,511,3,,UNKNOWN,HEADER_MISSING
A,f65f7e7818f1315c94b33d33e84ab3db,LAW_009,LAW_009,507,LAW_009_b507_table,,,True,False,512,3,,YES,OK
B,5b6f62a1d73da74e8df9092978911f3a,LAW_009,LAW_009,110,LAW_009_b110_table,,,True,True,599,3,3,YES,OK
B,c4a47ee708ed4150fec33b48bf714a58,LAW_009,LAW_009,200,LAW_009_b200_table,,,True,True,803,5,5,YES,OK
B,90c86cea2bafc703982f47198685dbb7,LAW_009,LAW_009,201,LAW_009_b201_table,,,True,True,591,3,3,YES,OK
B,163d02318ac1c8a8eb17ddb5333a4ea7,LAW_009,LAW_009,208,LAW_009_b208_table,,,True,True,833,3,3,YES,OK
B,d505aa82a7faaff947ef4c6d520703b1,LAW_009,LAW_009,238,LAW_009_b238_table,,,True,True,822,3,3,YES,OK
B,6d6631659585c7758ea4c60afd67f916,LAW_009,LAW_009,271,LAW_009_b271_table,,,True,True,820,5,5,YES,OK
B,cc5aae8ee8ed4797961e1aa3934ab451,LAW_009,LAW_009,280,LAW_009_b280_table,,,True,True,588,3,3,YES,OK
B,389b33313cb4fe00f682e3646cbf5751,LAW_009,LAW_009,318,LAW_009_b318_table,,,True,True,570,3,3,YES,OK
B,856e170986043871379599ec1370e297,LAW_009,LAW_009,343,LAW_009_b343_table,,,True,True,593,3,3,YES,OK
B,a501043d3ce0fffef9fc49b1eb201b1d,LAW_009,LAW_009,376,LAW_009_b376_table,,,True,True,592,3,3,YES,OK
B,81190c0e351378db9fcbb266cfea8aa2,LAW_009,LAW_009,415,LAW_009_b415_table,,,True,True,805,7,7,YES,OK
B,720e4fb79ddccce532e370594e78c03d,LAW_009,LAW_009,431,LAW_009_b431_table,,,True,True,611,3,3,YES,OK
B,cbb6c3407113cec5c067f2607ed7de9f,LAW_009,LAW_009,502,LAW_009_b502_table,,,True,True,841,3,3,YES,OK
B,bbe87ce7b2ce58ba11642f6ae5e9998a,LAW_009,LAW_009,507,LAW_009_b507_table,,,True,True,596,3,3,YES,OK
A,9edab8202f65447b3d8ce92294186d22,ENT_COMPLIANCE_004,ENT_COMPLIANCE_004,80,ENT_COMPLIANCE_004_b80_table,,,False,False,512,3,,UNKNOWN,HEADER_MISSING
A,9edab8202f65447b3d8ce92294186d22,ENT_COMPLIANCE_004,ENT_COMPLIANCE_004,86,ENT_COMPLIANCE_004_b86_table,,,False,False,512,3,,UNKNOWN,HEADER_MISSING
A,18b0f84aa20911486748287efa048791,ENT_COMPLIANCE_004,ENT_COMPLIANCE_004,86,ENT_COMPLIANCE_004_b86_table,,,True,False,512,3,,YES,OK
A,cecd73e6e1402f6357dcf66c8f6c968f,ENT_COMPLIANCE_004,ENT_COMPLIANCE_004,99,ENT_COMPLIANCE_004_b99_table,,,True,False,511,3,,YES,OK
A,5113fbcdc6d3c17043f7cb06846fa827,ENT_COMPLIANCE_004,ENT_COMPLIANCE_004,110,ENT_COMPLIANCE_004_b110_table,,,True,False,512,3,,YES,OK
A,ab7159f054824f8085e66f33313a1d1d,ENT_COMPLIANCE_004,ENT_COMPLIANCE_004,130,ENT_COMPLIANCE_004_b130_table,,,True,False,511,5,,YES,OK
A,5255be6f611f53b0491365131dbb99b7,ENT_COMPLIANCE_004,ENT_COMPLIANCE_004,130,ENT_COMPLIANCE_004_b130_table,,,False,False,512,5,,UNKNOWN,HEADER_MISSING
A,5255be6f611f53b0491365131dbb99b7,ENT_COMPLIANCE_004,ENT_COMPLIANCE_004,138,ENT_COMPLIANCE_004_b138_table,,,False,False,512,7,,UNKNOWN,HEADER_MISSING
A,87cfb7265ba73c84aab4e4ed6773f873,ENT_COMPLIANCE_004,ENT_COMPLIANCE_004,138,ENT_COMPLIANCE_004_b138_table,,,True,False,511,7,,YES,OK
A,7460584a18dbb5e3b4886bd41e93a2c4,ENT_COMPLIANCE_004,ENT_COMPLIANCE_004,138,ENT_COMPLIANCE_004_b138_table,,,False,False,512,7,,UNKNOWN,HEADER_MISSING
A,7460584a18dbb5e3b4886bd41e93a2c4,ENT_COMPLIANCE_004,ENT_COMPLIANCE_004,145,ENT_COMPLIANCE_004_b145_table,,,False,False,512,5,,UNKNOWN,HEADER_MISSING
A,3215c6af30ddc4544c2f1f988ad57056,ENT_COMPLIANCE_004,ENT_COMPLIANCE_004,145,ENT_COMPLIANCE_004_b145_table,,,False,False,512,5,,UNKNOWN,HEADER_MISSING
A,3215c6af30ddc4544c2f1f988ad57056,ENT_COMPLIANCE_004,ENT_COMPLIANCE_004,176,ENT_COMPLIANCE_004_b176_table,,,False,False,512,3,,UNKNOWN,HEADER_MISSING
A,5cc2b55bb23d7a9a1946ce970c2ea055,ENT_COMPLIANCE_004,ENT_COMPLIANCE_004,176,ENT_COMPLIANCE_004_b176_table,,,True,False,512,3,,YES,OK
A,7301d302df0a711e615fc09eb822d54c,ENT_COMPLIANCE_004,ENT_COMPLIANCE_004,229,ENT_COMPLIANCE_004_b229_table,,,True,False,512,5,,YES,OK
A,fc93f4ce002d22b437231238f5b3b0df,ENT_COMPLIANCE_004,ENT_COMPLIANCE_004,229,ENT_COMPLIANCE_004_b229_table,,,True,False,511,5,,YES,OK
A,1796493082ff4403dcc38a79ae7b629f,ENT_COMPLIANCE_004,ENT_COMPLIANCE_004,288,ENT_COMPLIANCE_004_b288_table,,,False,False,512,5,,UNKNOWN,HEADER_MISSING
A,1796493082ff4403dcc38a79ae7b629f,ENT_COMPLIANCE_004,ENT_COMPLIANCE_004,291,ENT_COMPLIANCE_004_b291_table,,,False,False,512,3,,UNKNOWN,HEADER_MISSING
A,d14804f62b3651879734202de837a14e,ENT_COMPLIANCE_004,ENT_COMPLIANCE_004,291,ENT_COMPLIANCE_004_b291_table,,,False,False,510,3,,UNKNOWN,HEADER_MISSING
A,d14804f62b3651879734202de837a14e,ENT_COMPLIANCE_004,ENT_COMPLIANCE_004,299,ENT_COMPLIANCE_004_b299_table,,,False,False,510,3,,UNKNOWN,HEADER_MISSING
A,9f4d3f7da0fcfa05feddcb7671c11647,ENT_COMPLIANCE_004,ENT_COMPLIANCE_004,299,ENT_COMPLIANCE_004_b299_table,,,False,False,512,3,,UNKNOWN,HEADER_MISSING
A,9f4d3f7da0fcfa05feddcb7671c11647,ENT_COMPLIANCE_004,ENT_COMPLIANCE_004,302,ENT_COMPLIANCE_004_b302_table,,,False,False,512,3,,UNKNOWN,HEADER_MISSING
A,49fdc2ea3acc71f64d1e847c34d89f37,ENT_COMPLIANCE_004,ENT_COMPLIANCE_004,317,ENT_COMPLIANCE_004_b317_table,,,True,False,512,3,,YES,OK
A,bf1b60c6e197d4583e729866b2825aee,ENT_COMPLIANCE_004,ENT_COMPLIANCE_004,317,ENT_COMPLIANCE_004_b317_table,,,True,False,512,3,,YES,OK
A,ed67926894c29c8cc1f4c6af1afa2c32,ENT_COMPLIANCE_004,ENT_COMPLIANCE_004,342,ENT_COMPLIANCE_004_b342_table,,,True,False,511,3,,YES,OK
A,48939d4b2aa0057d85d3ffd81547e645,ENT_COMPLIANCE_004,ENT_COMPLIANCE_004,366,ENT_COMPLIANCE_004_b366_table,,,True,False,511,5,,YES,OK
A,29c6b2b0c0537462a5d4b01a40b45ee4,ENT_COMPLIANCE_004,ENT_COMPLIANCE_004,366,ENT_COMPLIANCE_004_b366_table,,,True,False,512,5,,YES,OK
A,4fb1d7a643b1a146cbd2bd502eac69e1,ENT_COMPLIANCE_004,ENT_COMPLIANCE_004,410,ENT_COMPLIANCE_004_b410_table,,,True,False,512,3,,YES,OK
A,e9e9b5c170da1d75ce3e4afc9f4d6713,ENT_COMPLIANCE_004,ENT_COMPLIANCE_004,440,ENT_COMPLIANCE_004_b440_table,,,True,False,511,3,,YES,OK
A,2dc655d0e13cd110bf7504e6e96f39c6,ENT_COMPLIANCE_004,ENT_COMPLIANCE_004,440,ENT_COMPLIANCE_004_b440_table,,,True,False,510,3,,YES,OK
A,93e940ed3ffda229d8c000593332861b,ENT_COMPLIANCE_004,ENT_COMPLIANCE_004,656,ENT_COMPLIANCE_004_b656_table,,,True,False,512,6,,YES,OK
A,dc35de1d6c874b64b1fd6fd377df31ec,ENT_COMPLIANCE_004,ENT_COMPLIANCE_004,656,ENT_COMPLIANCE_004_b656_table,,,True,False,512,6,,YES,OK
A,395d0a2a0db1bcc3786357c0e4750f24,ENT_COMPLIANCE_004,ENT_COMPLIANCE_004,656,ENT_COMPLIANCE_004_b656_table,,,True,False,512,6,,YES,OK
A,2cf74d8026584c7a7502d31cd4bd06bf,ENT_COMPLIANCE_004,ENT_COMPLIANCE_004,888,ENT_COMPLIANCE_004_b888_table,,,True,False,512,5,,YES,OK
A,84e6baa54a4dda7628bb85f985cad83a,ENT_COMPLIANCE_004,ENT_COMPLIANCE_004,888,ENT_COMPLIANCE_004_b888_table,,,False,False,511,5,,UNKNOWN,HEADER_MISSING
A,84e6baa54a4dda7628bb85f985cad83a,ENT_COMPLIANCE_004,ENT_COMPLIANCE_004,898,ENT_COMPLIANCE_004_b898_table,,,False,False,511,5,,UNKNOWN,HEADER_MISSING
A,99efd2b86963d1e0bb98ec73284c9836,ENT_COMPLIANCE_004,ENT_COMPLIANCE_004,898,ENT_COMPLIANCE_004_b898_table,,,True,False,512,5,,YES,OK
A,c111b709f32c4c7951fedf2e5b641bda,ENT_COMPLIANCE_004,ENT_COMPLIANCE_004,898,ENT_COMPLIANCE_004_b898_table,,,True,False,511,5,,YES,OK
A,ba6a8d90d09de4dde21705f2fd262db0,ENT_COMPLIANCE_004,ENT_COMPLIANCE_004,927,ENT_COMPLIANCE_004_b927_table,,,True,False,512,3,,YES,OK
A,790ae0e454fa6de803d51f5a25e2388d,ENT_COMPLIANCE_004,ENT_COMPLIANCE_004,927,ENT_COMPLIANCE_004_b927_table,,,False,False,512,3,,UNKNOWN,HEADER_MISSING
A,790ae0e454fa6de803d51f5a25e2388d,ENT_COMPLIANCE_004,ENT_COMPLIANCE_004,942,ENT_COMPLIANCE_004_b942_table,,,False,False,512,3,,UNKNOWN,HEADER_MISSING
A,569c9c87f443895b80f36c9a54f99498,ENT_COMPLIANCE_004,ENT_COMPLIANCE_004,942,ENT_COMPLIANCE_004_b942_table,,,False,False,512,3,,UNKNOWN,HEADER_MISSING
A,569c9c87f443895b80f36c9a54f99498,ENT_COMPLIANCE_004,ENT_COMPLIANCE_004,949,ENT_COMPLIANCE_004_b949_table,,,False,False,512,3,,UNKNOWN,HEADER_MISSING
A,db01e488fb38612cb13358ab47e1b775,ENT_COMPLIANCE_004,ENT_COMPLIANCE_004,949,ENT_COMPLIANCE_004_b949_table,,,True,False,512,3,,YES,OK
A,fbc067cae7125720d8be3163eed8a556,ENT_COMPLIANCE_004,ENT_COMPLIANCE_004,981,ENT_COMPLIANCE_004_b981_table,,,True,False,512,3,,YES,OK
A,540c60b7a149726f2c6a8455690d2612,ENT_COMPLIANCE_004,ENT_COMPLIANCE_004,981,ENT_COMPLIANCE_004_b981_table,,,False,False,511,3,,UNKNOWN,HEADER_MISSING
A,540c60b7a149726f2c6a8455690d2612,ENT_COMPLIANCE_004,ENT_COMPLIANCE_004,990,ENT_COMPLIANCE_004_b990_table,,,False,False,511,7,,UNKNOWN,HEADER_MISSING
A,5669ec6b5e60be9d22b0f3c7300f0afe,ENT_COMPLIANCE_004,ENT_COMPLIANCE_004,990,ENT_COMPLIANCE_004_b990_table,,,False,False,511,7,,UNKNOWN,HEADER_MISSING
A,5669ec6b5e60be9d22b0f3c7300f0afe,ENT_COMPLIANCE_004,ENT_COMPLIANCE_004,993,ENT_COMPLIANCE_004_b993_table,,,False,False,511,3,,UNKNOWN,HEADER_MISSING
A,498c635b74c99ab33be4417cd82b9a15,ENT_COMPLIANCE_004,ENT_COMPLIANCE_004,990,ENT_COMPLIANCE_004_b990_table,,,False,False,511,7,,UNKNOWN,HEADER_MISSING
A,498c635b74c99ab33be4417cd82b9a15,ENT_COMPLIANCE_004,ENT_COMPLIANCE_004,993,ENT_COMPLIANCE_004_b993_table,,,False,False,511,3,,UNKNOWN,HEADER_MISSING
A,498c635b74c99ab33be4417cd82b9a15,ENT_COMPLIANCE_004,ENT_COMPLIANCE_004,994,ENT_COMPLIANCE_004_b994_table,,,False,False,511,3,,UNKNOWN,HEADER_MISSING
A,498c635b74c99ab33be4417cd82b9a15,ENT_COMPLIANCE_004,ENT_COMPLIANCE_004,996,ENT_COMPLIANCE_004_b996_table,,,False,False,511,3,,UNKNOWN,HEADER_MISSING
A,98b3563e4e96221928f39f4b71210270,ENT_COMPLIANCE_004,ENT_COMPLIANCE_004,994,ENT_COMPLIANCE_004_b994_table,,,False,False,512,3,,UNKNOWN,HEADER_MISSING
A,98b3563e4e96221928f39f4b71210270,ENT_COMPLIANCE_004,ENT_COMPLIANCE_004,996,ENT_COMPLIANCE_004_b996_table,,,False,False,512,3,,UNKNOWN,HEADER_MISSING
A,98b3563e4e96221928f39f4b71210270,ENT_COMPLIANCE_004,ENT_COMPLIANCE_004,997,ENT_COMPLIANCE_004_b997_table,,,False,False,512,3,,UNKNOWN,HEADER_MISSING
A,98b3563e4e96221928f39f4b71210270,ENT_COMPLIANCE_004,ENT_COMPLIANCE_004,998,ENT_COMPLIANCE_004_b998_table,,,False,False,512,5,,UNKNOWN,HEADER_MISSING
A,67e7b42196994e1bf5e49c48362c190b,ENT_COMPLIANCE_004,ENT_COMPLIANCE_004,997,ENT_COMPLIANCE_004_b997_table,,,False,False,512,3,,UNKNOWN,HEADER_MISSING
A,67e7b42196994e1bf5e49c48362c190b,ENT_COMPLIANCE_004,ENT_COMPLIANCE_004,998,ENT_COMPLIANCE_004_b998_table,,,False,False,512,5,,UNKNOWN,HEADER_MISSING
A,67e7b42196994e1bf5e49c48362c190b,ENT_COMPLIANCE_004,ENT_COMPLIANCE_004,1002,ENT_COMPLIANCE_004_b1002_table,,,False,False,512,3,,UNKNOWN,HEADER_MISSING
A,4a21b61c668727921c7525e9829aafd2,ENT_COMPLIANCE_004,ENT_COMPLIANCE_004,998,ENT_COMPLIANCE_004_b998_table,,,False,False,511,5,,UNKNOWN,HEADER_MISSING
A,4a21b61c668727921c7525e9829aafd2,ENT_COMPLIANCE_004,ENT_COMPLIANCE_004,1002,ENT_COMPLIANCE_004_b1002_table,,,False,False,511,3,,UNKNOWN,HEADER_MISSING
A,4a21b61c668727921c7525e9829aafd2,ENT_COMPLIANCE_004,ENT_COMPLIANCE_004,1008,ENT_COMPLIANCE_004_b1008_table,,,False,False,511,3,,UNKNOWN,HEADER_MISSING
A,9817a5306996bb9d15bc1a47233de560,ENT_COMPLIANCE_004,ENT_COMPLIANCE_004,1008,ENT_COMPLIANCE_004_b1008_table,,,False,False,512,3,,UNKNOWN,HEADER_MISSING
A,9817a5306996bb9d15bc1a47233de560,ENT_COMPLIANCE_004,ENT_COMPLIANCE_004,1012,ENT_COMPLIANCE_004_b1012_table,,,False,False,512,5,,UNKNOWN,HEADER_MISSING
A,d143a6cf932113c3cceedde826c7e2f5,ENT_COMPLIANCE_004,ENT_COMPLIANCE_004,1012,ENT_COMPLIANCE_004_b1012_table,,,False,False,512,5,,UNKNOWN,HEADER_MISSING
A,d143a6cf932113c3cceedde826c7e2f5,ENT_COMPLIANCE_004,ENT_COMPLIANCE_004,1015,ENT_COMPLIANCE_004_b1015_table,,,False,False,512,3,,UNKNOWN,HEADER_MISSING
A,d143a6cf932113c3cceedde826c7e2f5,ENT_COMPLIANCE_004,ENT_COMPLIANCE_004,1018,ENT_COMPLIANCE_004_b1018_table,,,False,False,512,7,,UNKNOWN,HEADER_MISSING
A,7f84904dc7543aefa395e0fa140a61ef,ENT_COMPLIANCE_004,ENT_COMPLIANCE_004,1015,ENT_COMPLIANCE_004_b1015_table,,,False,False,512,3,,UNKNOWN,HEADER_MISSING
A,7f84904dc7543aefa395e0fa140a61ef,ENT_COMPLIANCE_004,ENT_COMPLIANCE_004,1018,ENT_COMPLIANCE_004_b1018_table,,,False,False,512,7,,UNKNOWN,HEADER_MISSING
A,7f84904dc7543aefa395e0fa140a61ef,ENT_COMPLIANCE_004,ENT_COMPLIANCE_004,1020,ENT_COMPLIANCE_004_b1020_table,,,False,False,512,12,,UNKNOWN,HEADER_MISSING
A,c74ff0b16c20c47908b67e45b881d9d3,ENT_COMPLIANCE_004,ENT_COMPLIANCE_004,1018,ENT_COMPLIANCE_004_b1018_table,,,False,False,512,7,,UNKNOWN,HEADER_MISSING
A,c74ff0b16c20c47908b67e45b881d9d3,ENT_COMPLIANCE_004,ENT_COMPLIANCE_004,1020,ENT_COMPLIANCE_004_b1020_table,,,False,False,512,12,,UNKNOWN,HEADER_MISSING
A,335c14b2edec7e9c2ac740808e732d24,ENT_COMPLIANCE_004,ENT_COMPLIANCE_004,1020,ENT_COMPLIANCE_004_b1020_table,,,False,False,511,12,,UNKNOWN,HEADER_MISSING
A,335c14b2edec7e9c2ac740808e732d24,ENT_COMPLIANCE_004,ENT_COMPLIANCE_004,1027,ENT_COMPLIANCE_004_b1027_table,,,False,False,511,3,,UNKNOWN,HEADER_MISSING
A,63d9c1b4549ce998fec7a3d6f1925536,ENT_COMPLIANCE_004,ENT_COMPLIANCE_004,1027,ENT_COMPLIANCE_004_b1027_table,,,False,False,512,3,,UNKNOWN,HEADER_MISSING
A,63d9c1b4549ce998fec7a3d6f1925536,ENT_COMPLIANCE_004,ENT_COMPLIANCE_004,1033,ENT_COMPLIANCE_004_b1033_table,,,False,False,512,5,,UNKNOWN,HEADER_MISSING
A,f44de0d3043b76231e6f75cf6bd6d7fc,ENT_COMPLIANCE_004,ENT_COMPLIANCE_004,1033,ENT_COMPLIANCE_004_b1033_table,,,False,False,511,5,,UNKNOWN,HEADER_MISSING
A,f44de0d3043b76231e6f75cf6bd6d7fc,ENT_COMPLIANCE_004,ENT_COMPLIANCE_004,1037,ENT_COMPLIANCE_004_b1037_table,,,False,False,511,3,,UNKNOWN,HEADER_MISSING
A,f44de0d3043b76231e6f75cf6bd6d7fc,ENT_COMPLIANCE_004,ENT_COMPLIANCE_004,1040,ENT_COMPLIANCE_004_b1040_table,,,False,False,511,3,,UNKNOWN,HEADER_MISSING
A,14cc7f2314b7d4cd6a170dc949d5512e,ENT_COMPLIANCE_004,ENT_COMPLIANCE_004,1037,ENT_COMPLIANCE_004_b1037_table,,,False,False,511,3,,UNKNOWN,HEADER_MISSING
A,14cc7f2314b7d4cd6a170dc949d5512e,ENT_COMPLIANCE_004,ENT_COMPLIANCE_004,1040,ENT_COMPLIANCE_004_b1040_table,,,False,False,511,3,,UNKNOWN,HEADER_MISSING
A,14cc7f2314b7d4cd6a170dc949d5512e,ENT_COMPLIANCE_004,ENT_COMPLIANCE_004,1047,ENT_COMPLIANCE_004_b1047_table,,,False,False,511,3,,UNKNOWN,HEADER_MISSING
A,9ac46fbe02ae83163f64bf89fafb3e8a,ENT_COMPLIANCE_004,ENT_COMPLIANCE_004,1047,ENT_COMPLIANCE_004_b1047_table,,,False,False,511,3,,UNKNOWN,HEADER_MISSING
A,9ac46fbe02ae83163f64bf89fafb3e8a,ENT_COMPLIANCE_004,ENT_COMPLIANCE_004,1055,ENT_COMPLIANCE_004_b1055_table,,,False,False,511,5,,UNKNOWN,HEADER_MISSING
A,291570fdfcf8d40476e5fb6fb0b77b11,ENT_COMPLIANCE_004,ENT_COMPLIANCE_004,1055,ENT_COMPLIANCE_004_b1055_table,,,True,False,512,5,,YES,OK
A,e76e9b16f75b3ead6f5610632aced38b,ENT_COMPLIANCE_004,ENT_COMPLIANCE_004,1217,ENT_COMPLIANCE_004_b1217_table,,,True,False,512,3,,YES,OK
A,43584c2191e00c82edca4f98411801ae,ENT_COMPLIANCE_004,ENT_COMPLIANCE_004,1217,ENT_COMPLIANCE_004_b1217_table,,,True,False,511,3,,YES,OK
A,62da3e162572041a1e123d718c35579c,ENT_COMPLIANCE_004,ENT_COMPLIANCE_004,1242,ENT_COMPLIANCE_004_b1242_table,,,True,False,511,3,,YES,OK
A,1d1ea78215bf5a367a5c812dcc9233c6,ENT_COMPLIANCE_004,ENT_COMPLIANCE_004,1242,ENT_COMPLIANCE_004_b1242_table,,,True,False,511,3,,YES,OK
A,1528ba8e8eba6cac7b312b221ba8313d,ENT_COMPLIANCE_004,ENT_COMPLIANCE_004,1259,ENT_COMPLIANCE_004_b1259_table,,,True,False,511,5,,YES,OK
A,e99528afd55ccc0f7a2db648eea61bba,ENT_COMPLIANCE_004,ENT_COMPLIANCE_004,1259,ENT_COMPLIANCE_004_b1259_table,,,True,False,512,5,,YES,OK
A,71a3edd244bb51db581e796c97665d86,ENT_COMPLIANCE_004,ENT_COMPLIANCE_004,1344,ENT_COMPLIANCE_004_b1344_table,,,True,False,512,5,,YES,OK
A,c9e5d89eb9defdf54948a0ed5c73a6c4,ENT_COMPLIANCE_004,ENT_COMPLIANCE_004,1344,ENT_COMPLIANCE_004_b1344_table,,,True,False,512,5,,YES,OK
A,6c2845b83678e720f98e060302705a3c,ENT_COMPLIANCE_004,ENT_COMPLIANCE_004,1373,ENT_COMPLIANCE_004_b1373_table,,,True,False,511,7,,YES,OK
A,a2478c87bc4ea3f47c8ecf80428d0fe0,ENT_COMPLIANCE_004,ENT_COMPLIANCE_004,1373,ENT_COMPLIANCE_004_b1373_table,,,True,False,512,7,,YES,OK
A,92d5f9d45d500885d6c6f62d4307edf4,ENT_COMPLIANCE_004,ENT_COMPLIANCE_004,1446,ENT_COMPLIANCE_004_b1446_table,,,True,False,512,3,,YES,OK
A,8e89e3b5cb7848fbb00c411272d33759,ENT_COMPLIANCE_004,ENT_COMPLIANCE_004,1446,ENT_COMPLIANCE_004_b1446_table,,,False,False,512,3,,UNKNOWN,HEADER_MISSING
A,8e89e3b5cb7848fbb00c411272d33759,ENT_COMPLIANCE_004,ENT_COMPLIANCE_004,1457,ENT_COMPLIANCE_004_b1457_table,,,False,False,512,3,,UNKNOWN,HEADER_MISSING
A,247fba1c7e0138dd10332ae88e70b338,ENT_COMPLIANCE_004,ENT_COMPLIANCE_004,1457,ENT_COMPLIANCE_004_b1457_table,,,True,False,512,3,,YES,OK
A,06a38e45186d7628d0fc90cde8ec57f2,ENT_COMPLIANCE_004,ENT_COMPLIANCE_004,1528,ENT_COMPLIANCE_004_b1528_table,,,True,False,512,5,,YES,OK
A,9ca66e2881521aa43d8f028a9ad72835,ENT_COMPLIANCE_004,ENT_COMPLIANCE_004,1528,ENT_COMPLIANCE_004_b1528_table,,,True,False,512,5,,YES,OK
A,81fa0b4a455e1042884a34a0ce94b257,ENT_COMPLIANCE_004,ENT_COMPLIANCE_004,1614,ENT_COMPLIANCE_004_b1614_table,,,True,False,512,3,,YES,OK
A,57f8de0f5e6dc240169fa681417072c7,ENT_COMPLIANCE_004,ENT_COMPLIANCE_004,1614,ENT_COMPLIANCE_004_b1614_table,,,True,False,512,3,,YES,OK
B,5dc20bdc3d8f9ff875f721a3af7749ea,ENT_COMPLIANCE_004,ENT_COMPLIANCE_004,80,ENT_COMPLIANCE_004_b80_table,,,True,True,832,3,3,YES,OK
B,bceaa73ea8509b32eed42d3070587601,ENT_COMPLIANCE_004,ENT_COMPLIANCE_004,86,ENT_COMPLIANCE_004_b86_table,,,True,True,667,3,3,YES,OK
B,962670d53bcc7809c4206c876bd9448f,ENT_COMPLIANCE_004,ENT_COMPLIANCE_004,99,ENT_COMPLIANCE_004_b99_table,,,True,True,802,3,3,YES,OK
B,f0fd8b1b0dd24e4bcfafb95846fc7809,ENT_COMPLIANCE_004,ENT_COMPLIANCE_004,110,ENT_COMPLIANCE_004_b110_table,,,True,True,839,3,3,YES,OK
B,ca6cfc9987801fce924bdfa17768cb95,ENT_COMPLIANCE_004,ENT_COMPLIANCE_004,130,ENT_COMPLIANCE_004_b130_table,,,True,True,1056,5,5,YES,OK
B,2d50218cfd23dac41aea9f3407ec158a,ENT_COMPLIANCE_004,ENT_COMPLIANCE_004,138,ENT_COMPLIANCE_004_b138_table,,,True,True,810,7,7,YES,OK
B,801ae290517c34065c473256fe12f83e,ENT_COMPLIANCE_004,ENT_COMPLIANCE_004,145,ENT_COMPLIANCE_004_b145_table,,,True,True,843,5,5,YES,OK
B,f35d0e16a041fe6ab00712cff5f4bdac,ENT_COMPLIANCE_004,ENT_COMPLIANCE_004,176,ENT_COMPLIANCE_004_b176_table,,,True,True,569,3,3,YES,OK
B,50880ff0b6f8d1949407130dc51fa56b,ENT_COMPLIANCE_004,ENT_COMPLIANCE_004,229,ENT_COMPLIANCE_004_b229_table,,,True,True,791,5,5,YES,OK
B,4973854597a0bbe6c1db4960f970b182,ENT_COMPLIANCE_004,ENT_COMPLIANCE_004,288,ENT_COMPLIANCE_004_b288_table,,,True,True,853,5,5,YES,OK
B,315a0c3b1a5e7fb3ccf27395c3fdc239,ENT_COMPLIANCE_004,ENT_COMPLIANCE_004,291,ENT_COMPLIANCE_004_b291_table,,,True,True,600,3,3,YES,OK
B,8fe2a75b76bafc994adb1e1b03b95963,ENT_COMPLIANCE_004,ENT_COMPLIANCE_004,299,ENT_COMPLIANCE_004_b299_table,,,True,True,591,3,3,YES,OK
B,578da3e6ce9ea3feeba9559f30fe63f2,ENT_COMPLIANCE_004,ENT_COMPLIANCE_004,302,ENT_COMPLIANCE_004_b302_table,,,True,True,596,3,3,YES,OK
B,f2fc3ca1637fa53badbecc9d5ffd1acd,ENT_COMPLIANCE_004,ENT_COMPLIANCE_004,317,ENT_COMPLIANCE_004_b317_table,,,True,True,579,3,3,YES,OK
B,eadd4ba9aca1614d7f08b596d5c42e81,ENT_COMPLIANCE_004,ENT_COMPLIANCE_004,342,ENT_COMPLIANCE_004_b342_table,,,True,True,571,3,3,YES,OK
B,bad5e971c76d60ddbd764859104abe2c,ENT_COMPLIANCE_004,ENT_COMPLIANCE_004,366,ENT_COMPLIANCE_004_b366_table,,,True,True,802,5,5,YES,OK
B,f68f94a9c5bee746f335a4bfb1fb2ac5,ENT_COMPLIANCE_004,ENT_COMPLIANCE_004,410,ENT_COMPLIANCE_004_b410_table,,,True,True,678,3,3,YES,OK
B,992dea66f6a513f09467e99d98b862ae,ENT_COMPLIANCE_004,ENT_COMPLIANCE_004,440,ENT_COMPLIANCE_004_b440_table,,,True,True,808,3,3,YES,OK
B,7bd55c47b93b45fafd0c52ef74bdee45,ENT_COMPLIANCE_004,ENT_COMPLIANCE_004,656,ENT_COMPLIANCE_004_b656_table,,,True,True,808,6,6,YES,OK
B,d86665008465e8724242e8742a7db443,ENT_COMPLIANCE_004,ENT_COMPLIANCE_004,888,ENT_COMPLIANCE_004_b888_table,,,True,True,658,5,5,YES,OK
B,9c2255a079851fde0b602bdaf495ea86,ENT_COMPLIANCE_004,ENT_COMPLIANCE_004,898,ENT_COMPLIANCE_004_b898_table,,,True,True,1295,5,5,YES,OK
B,93e77942d5adb12901910c82983aa87a,ENT_COMPLIANCE_004,ENT_COMPLIANCE_004,927,ENT_COMPLIANCE_004_b927_table,,,True,True,802,3,3,YES,OK
B,354945cf15325df05f96e0cfc125f618,ENT_COMPLIANCE_004,ENT_COMPLIANCE_004,942,ENT_COMPLIANCE_004_b942_table,,,True,True,584,3,3,YES,OK
B,4465ea9a166f8ac808cbf5085415880b,ENT_COMPLIANCE_004,ENT_COMPLIANCE_004,949,ENT_COMPLIANCE_004_b949_table,,,True,True,842,3,3,YES,OK
B,1bfdb4f9b1c9aa2e5a66392969815ff6,ENT_COMPLIANCE_004,ENT_COMPLIANCE_004,981,ENT_COMPLIANCE_004_b981_table,,,True,True,589,3,3,YES,OK
B,e66be00ffa80a8ebe05e3dea136e1d4f,ENT_COMPLIANCE_004,ENT_COMPLIANCE_004,990,ENT_COMPLIANCE_004_b990_table,,,True,True,1070,7,7,YES,OK
B,b00f77e83d2f8f5ad4a90b069a26a335,ENT_COMPLIANCE_004,ENT_COMPLIANCE_004,993,ENT_COMPLIANCE_004_b993_table,,,True,True,605,3,3,YES,OK
B,ed4fc30e00a530868ea46b34abe4b7d6,ENT_COMPLIANCE_004,ENT_COMPLIANCE_004,994,ENT_COMPLIANCE_004_b994_table,,,True,True,604,3,3,YES,OK
B,8a83bc71112b24cd3e27770ce65c157b,ENT_COMPLIANCE_004,ENT_COMPLIANCE_004,996,ENT_COMPLIANCE_004_b996_table,,,True,True,817,3,3,YES,OK
B,36e0aa6162d580250be9e9f0b98956a5,ENT_COMPLIANCE_004,ENT_COMPLIANCE_004,997,ENT_COMPLIANCE_004_b997_table,,,True,True,598,3,3,YES,OK
B,cee33e6ad0231c17e46840c8e5aacb7c,ENT_COMPLIANCE_004,ENT_COMPLIANCE_004,998,ENT_COMPLIANCE_004_b998_table,,,True,True,802,5,5,YES,OK
B,1e64224c9e179d9aaa65dfed4ca46ecf,ENT_COMPLIANCE_004,ENT_COMPLIANCE_004,1002,ENT_COMPLIANCE_004_b1002_table,,,True,True,578,3,3,YES,OK
B,c5bd1747b42c6d0304451ad031ce900c,ENT_COMPLIANCE_004,ENT_COMPLIANCE_004,1008,ENT_COMPLIANCE_004_b1008_table,,,True,True,853,3,3,YES,OK
B,3d87b0b89a577d5772650dad1eac5c6a,ENT_COMPLIANCE_004,ENT_COMPLIANCE_004,1012,ENT_COMPLIANCE_004_b1012_table,,,True,True,805,5,5,YES,OK
B,9784b41b7232356c6a093a3c3efed162,ENT_COMPLIANCE_004,ENT_COMPLIANCE_004,1015,ENT_COMPLIANCE_004_b1015_table,,,True,True,603,3,3,YES,OK
B,37e435b51d1774ee51d3f488f2f88f48,ENT_COMPLIANCE_004,ENT_COMPLIANCE_004,1018,ENT_COMPLIANCE_004_b1018_table,,,True,True,826,7,7,YES,OK
B,dab58bbdf4009b124714a604eff296b7,ENT_COMPLIANCE_004,ENT_COMPLIANCE_004,1020,ENT_COMPLIANCE_004_b1020_table,,,True,True,878,12,12,YES,OK
B,95b38a69b8abc538a11021e94a43544f,ENT_COMPLIANCE_004,ENT_COMPLIANCE_004,1027,ENT_COMPLIANCE_004_b1027_table,,,True,True,588,3,3,YES,OK
B,c10043b2d49bd4a848ad5fb816e8a166,ENT_COMPLIANCE_004,ENT_COMPLIANCE_004,1033,ENT_COMPLIANCE_004_b1033_table,,,True,True,1055,5,5,YES,OK
B,402ecf674af5ded6b0853f43e8a8523c,ENT_COMPLIANCE_004,ENT_COMPLIANCE_004,1037,ENT_COMPLIANCE_004_b1037_table,,,True,True,587,3,3,YES,OK
B,63c9c509a6cfdecb80e9de15690cd298,ENT_COMPLIANCE_004,ENT_COMPLIANCE_004,1040,ENT_COMPLIANCE_004_b1040_table,,,True,True,575,3,3,YES,OK
B,f1901904a1bd05979cae64d5d6691440,ENT_COMPLIANCE_004,ENT_COMPLIANCE_004,1047,ENT_COMPLIANCE_004_b1047_table,,,True,True,616,3,3,YES,OK
B,8b29dc97df6364e0834787e45b5d9c44,ENT_COMPLIANCE_004,ENT_COMPLIANCE_004,1055,ENT_COMPLIANCE_004_b1055_table,,,True,True,664,5,5,YES,OK
B,077e2ceb55fdb9834b7579ec03f2fb62,ENT_COMPLIANCE_004,ENT_COMPLIANCE_004,1217,ENT_COMPLIANCE_004_b1217_table,,,True,True,854,3,3,YES,OK
B,87b80a1a43614df5483f9e24738668c9,ENT_COMPLIANCE_004,ENT_COMPLIANCE_004,1242,ENT_COMPLIANCE_004_b1242_table,,,True,True,609,3,3,YES,OK
B,ff4a892205ee122f8e688cbea07c0be7,ENT_COMPLIANCE_004,ENT_COMPLIANCE_004,1259,ENT_COMPLIANCE_004_b1259_table,,,True,True,806,5,5,YES,OK
B,acf81a3c7e67c1991d522d5a48e8f15f,ENT_COMPLIANCE_004,ENT_COMPLIANCE_004,1344,ENT_COMPLIANCE_004_b1344_table,,,True,True,803,5,5,YES,OK
B,b54093dc36c1e63164955e122e6c5f88,ENT_COMPLIANCE_004,ENT_COMPLIANCE_004,1373,ENT_COMPLIANCE_004_b1373_table,,,True,True,829,7,7,YES,OK
B,12c48aae0630c1d0e7b1ef70020f3231,ENT_COMPLIANCE_004,ENT_COMPLIANCE_004,1446,ENT_COMPLIANCE_004_b1446_table,,,True,True,802,3,3,YES,OK
B,27c4cbf4bb3548a5016a42d7aceabfaf,ENT_COMPLIANCE_004,ENT_COMPLIANCE_004,1457,ENT_COMPLIANCE_004_b1457_table,,,True,True,615,3,3,YES,OK
B,1747a37675ea2a72c2f52d77da3261a7,ENT_COMPLIANCE_004,ENT_COMPLIANCE_004,1528,ENT_COMPLIANCE_004_b1528_table,,,True,True,830,5,5,YES,OK
B,9afa9d9fca5a8e889d22e08883e9acb6,ENT_COMPLIANCE_004,ENT_COMPLIANCE_004,1614,ENT_COMPLIANCE_004_b1614_table,,,True,True,841,3,3,YES,OK
A,58ee15b3b05019d1e6ae89198c5477e9,CONTRACT_111,CONTRACT_111,13,CONTRACT_111_b13_table,,,True,False,511,5,,YES,OK
A,ecdc76bddd6c06d45c0bcf65e059e1e5,CONTRACT_111,CONTRACT_111,13,CONTRACT_111_b13_table,,,True,False,512,5,,YES,OK
A,ee0f1bfa3368970311228634a2d437eb,CONTRACT_111,CONTRACT_111,28,CONTRACT_111_b28_table,,,False,False,512,2,,UNKNOWN,HEADER_MISSING
A,ee0f1bfa3368970311228634a2d437eb,CONTRACT_111,CONTRACT_111,30,CONTRACT_111_b30_table,,,False,False,512,2,,UNKNOWN,HEADER_MISSING
A,ee0f1bfa3368970311228634a2d437eb,CONTRACT_111,CONTRACT_111,32,CONTRACT_111_b32_table,,,False,False,512,2,,UNKNOWN,HEADER_MISSING
A,afd44a331dad200d7ddcce31cae9d9c1,CONTRACT_111,CONTRACT_111,30,CONTRACT_111_b30_table,,,False,False,512,2,,UNKNOWN,HEADER_MISSING
A,afd44a331dad200d7ddcce31cae9d9c1,CONTRACT_111,CONTRACT_111,32,CONTRACT_111_b32_table,,,False,False,512,2,,UNKNOWN,HEADER_MISSING
A,deebd05ad7baef99e6dc01be0d8e97eb,CONTRACT_111,CONTRACT_111,56,CONTRACT_111_b56_table,,,True,False,511,9,,YES,OK
A,ad252ebd3a70273116fc5152306292ae,CONTRACT_111,CONTRACT_111,56,CONTRACT_111_b56_table,,,True,False,512,9,,YES,OK
B,94513e2ec4700d4cb0754c59cd3d5590,CONTRACT_111,CONTRACT_111,13,CONTRACT_111_b13_table,,,True,True,1445,5,5,YES,OK
B,d20b758c95774f07ec8ff76325cd4e65,CONTRACT_111,CONTRACT_111,28,CONTRACT_111_b28_table,,,True,True,761,2,2,YES,OK
B,e8593d43f877ec26665429ce78507c98,CONTRACT_111,CONTRACT_111,30,CONTRACT_111_b30_table,,,True,True,761,2,2,YES,OK
B,7432845b0270c32f9344ef05db787af3,CONTRACT_111,CONTRACT_111,32,CONTRACT_111_b32_table,,,True,True,761,2,2,YES,OK
B,cc0b2266473d606c48216dfcb27e2234,CONTRACT_111,CONTRACT_111,56,CONTRACT_111_b56_table,,,True,True,786,9,9,YES,OK
A,ec1b9ac71fedc08a4016727fbbcc88be,CONTRACT_003,CONTRACT_003,31,CONTRACT_003_b31_table,,,True,False,512,5,,YES,OK
A,cf441932304216eb7a2a92fb1d5968f6,CONTRACT_003,CONTRACT_003,31,CONTRACT_003_b31_table,,,True,False,512,5,,YES,OK
B,78724f2be28a1fe1f2536acd8076d30d,CONTRACT_003,CONTRACT_003,31,CONTRACT_003_b31_table,,,True,True,1151,5,5,YES,OK
A,1f204c4d0dab934317fb0c62f6e76111,CONTRACT_012,CONTRACT_012,77,CONTRACT_012_b77_table,,,True,False,512,4,,YES,OK
A,37b745147e84f978ae351abd41cc357e,CONTRACT_012,CONTRACT_012,77,CONTRACT_012_b77_table,,,True,False,511,4,,YES,OK
B,d44910595384f303ec14ec3a244bdfee,CONTRACT_012,CONTRACT_012,77,CONTRACT_012_b77_table,,,True,True,1184,4,4,YES,OK
A,4aff02aa494bb56f0633ca937b434b5a,CONTRACT_026,CONTRACT_026,61,CONTRACT_026_b61_table,,,True,False,511,8,,YES,OK
A,083f6740cae3e7a6a72b242d58bab2d2,CONTRACT_026,CONTRACT_026,61,CONTRACT_026_b61_table,,,False,False,180,8,,UNKNOWN,HEADER_MISSING
B,17532cf4f5a061fa0dfddda4b1d3bdfa,CONTRACT_026,CONTRACT_026,61,CONTRACT_026_b61_table,,,True,True,786,8,8,YES,OK
A,923970ab7eedd806907405f29da6b7da,CONTRACT_001,CONTRACT_001,5,CONTRACT_001_b5_table,,,True,False,512,1,,YES,OK
A,3d5aa577d1c5d0b07f38ea7a50ac274f,CONTRACT_001,CONTRACT_001,21,CONTRACT_001_b21_table,,,False,False,512,17,,UNKNOWN,HEADER_MISSING
A,694986a41d6c5bc59d386bb99763a888,CONTRACT_001,CONTRACT_001,21,CONTRACT_001_b21_table,,,False,False,512,17,,UNKNOWN,HEADER_MISSING
A,3e7ef46afe973a29e99ebfcbef8e7c9a,CONTRACT_001,CONTRACT_001,21,CONTRACT_001_b21_table,,,False,False,512,17,,UNKNOWN,HEADER_MISSING
A,c1165fcd069c24e34a274ca92586592c,CONTRACT_001,CONTRACT_001,88,CONTRACT_001_b88_table,,,True,False,511,6,,YES,OK
A,dfe8fa8b4f1ce0251b4991dd5c928060,CONTRACT_001,CONTRACT_001,88,CONTRACT_001_b88_table,,,False,False,511,6,,UNKNOWN,HEADER_MISSING
A,dfe8fa8b4f1ce0251b4991dd5c928060,CONTRACT_001,CONTRACT_001,98,CONTRACT_001_b98_table,,,False,False,511,5,,UNKNOWN,HEADER_MISSING
A,e39fbc47c7cba0aa563413a77e41c414,CONTRACT_001,CONTRACT_001,98,CONTRACT_001_b98_table,,,True,False,512,5,,YES,OK
B,416996725cefc4208822536c7ff920e2,CONTRACT_001,CONTRACT_001,5,CONTRACT_001_b5_table,,,True,True,279,1,1,YES,OK
B,8b8183bfe5312044236779ab80473421,CONTRACT_001,CONTRACT_001,21,CONTRACT_001_b21_table,,,True,True,668,17,17,YES,OK
B,c10d869901a8a761466e401d039b8f45,CONTRACT_001,CONTRACT_001,88,CONTRACT_001_b88_table,,,True,True,776,6,6,YES,OK
B,f4b44e58ebca0c5097aed86ae6529615,CONTRACT_001,CONTRACT_001,98,CONTRACT_001_b98_table,,,True,True,770,5,5,YES,OK
A,983aade26efb0f8610e264477fdb8cab,CONTRACT_013,CONTRACT_013,128,CONTRACT_013_b128_table,,,False,False,512,10,,UNKNOWN,HEADER_MISSING
A,d18de449137cf17655b5b09634e5087b,CONTRACT_013,CONTRACT_013,128,CONTRACT_013_b128_table,,,False,False,511,10,,UNKNOWN,HEADER_MISSING
A,45217d0ba4e0862935ac65de247e95ec,CONTRACT_013,CONTRACT_013,128,CONTRACT_013_b128_table,,,False,False,512,10,,UNKNOWN,HEADER_MISSING
B,7920931afc711ee9499e992df0787113,CONTRACT_013,CONTRACT_013,128,CONTRACT_013_b128_table,,,True,True,1039,10,10,YES,OK
A,b64ac00ee75ba350cbad9f5b517d624c,CONTRACT_017,CONTRACT_017,248,CONTRACT_017_b248_table,,,True,False,512,0,,YES,OK
A,9a168127d17b64465cfccfe69a7bd42e,CONTRACT_017,CONTRACT_017,248,CONTRACT_017_b248_table,,,True,False,512,0,,YES,OK
A,7153a84b2cefc8489f383d8aabf49a0a,CONTRACT_017,CONTRACT_017,1752,CONTRACT_017_b1752_table,,,False,False,512,18,,UNKNOWN,HEADER_MISSING
A,dd0cf1ed94ffebea881ed818958810f3,CONTRACT_017,CONTRACT_017,1752,CONTRACT_017_b1752_table,,,False,False,511,18,,UNKNOWN,HEADER_MISSING
A,b265b77740d77b87379189cf976b204d,CONTRACT_017,CONTRACT_017,1793,CONTRACT_017_b1793_table,,,True,False,511,19,,YES,OK
A,8e95ceb3c1a76d7ea4d7d4ff2a89a202,CONTRACT_017,CONTRACT_017,1793,CONTRACT_017_b1793_table,,,False,False,512,19,,UNKNOWN,HEADER_MISSING
A,8e95ceb3c1a76d7ea4d7d4ff2a89a202,CONTRACT_017,CONTRACT_017,1796,CONTRACT_017_b1796_table,,,False,False,512,23,,UNKNOWN,HEADER_MISSING
A,1c91c3fee76838db079880a3c431f747,CONTRACT_017,CONTRACT_017,1796,CONTRACT_017_b1796_table,,,False,False,512,23,,UNKNOWN,HEADER_MISSING
A,1c91c3fee76838db079880a3c431f747,CONTRACT_017,CONTRACT_017,1799,CONTRACT_017_b1799_table,,,False,False,512,9,,UNKNOWN,HEADER_MISSING
A,2e9600ed841e01c16d988bff109ea84a,CONTRACT_017,CONTRACT_017,1799,CONTRACT_017_b1799_table,,,False,False,349,9,,UNKNOWN,HEADER_MISSING
B,71353686f0db86e6f45f8201ce70f80c,CONTRACT_017,CONTRACT_017,248,CONTRACT_017_b248_table,,,True,True,325,0,0,YES,OK
B,069361b002726e5f28d843a3e118c6ab,CONTRACT_017,CONTRACT_017,1752,CONTRACT_017_b1752_table,,,True,True,1291,18,18,YES,OK
B,bf5c7b0db2cb573ebb1989e97fdf1b7f,CONTRACT_017,CONTRACT_017,1793,CONTRACT_017_b1793_table,,,True,True,775,19,19,YES,OK
B,2a885528c0d9216d040669b110a43ede,CONTRACT_017,CONTRACT_017,1796,CONTRACT_017_b1796_table,,,True,True,659,23,23,YES,OK
B,648901e23bc56788f8c85027eb7439e7,CONTRACT_017,CONTRACT_017,1799,CONTRACT_017_b1799_table,,,True,True,1037,9,9,YES,OK
A,48882a5598032037da8fbae75564fee3,CONTRACT_018,CONTRACT_018,546,CONTRACT_018_b546_table,,,True,False,512,10,,YES,OK
A,37983b5c4b4ec1b0341ff495f97f0194,CONTRACT_018,CONTRACT_018,546,CONTRACT_018_b546_table,,,False,False,512,10,,UNKNOWN,HEADER_MISSING
A,37983b5c4b4ec1b0341ff495f97f0194,CONTRACT_018,CONTRACT_018,549,CONTRACT_018_b549_table,,,False,False,512,10,,UNKNOWN,HEADER_MISSING
A,2bb242ccbe5ed1084922325b829b2eec,CONTRACT_018,CONTRACT_018,549,CONTRACT_018_b549_table,,,False,False,512,10,,UNKNOWN,HEADER_MISSING
A,2bb242ccbe5ed1084922325b829b2eec,CONTRACT_018,CONTRACT_018,552,CONTRACT_018_b552_table,,,False,False,512,17,,UNKNOWN,HEADER_MISSING
A,b188da1068958d83d46ffc054f6d35d8,CONTRACT_018,CONTRACT_018,552,CONTRACT_018_b552_table,,,False,False,511,17,,UNKNOWN,HEADER_MISSING
A,b188da1068958d83d46ffc054f6d35d8,CONTRACT_018,CONTRACT_018,555,CONTRACT_018_b555_table,,,False,False,511,17,,UNKNOWN,HEADER_MISSING
A,127d18b21902a326e0966bfcce2fb082,CONTRACT_018,CONTRACT_018,555,CONTRACT_018_b555_table,,,False,False,510,17,,UNKNOWN,HEADER_MISSING
A,127d18b21902a326e0966bfcce2fb082,CONTRACT_018,CONTRACT_018,558,CONTRACT_018_b558_table,,,False,False,510,17,,UNKNOWN,HEADER_MISSING
A,35ed3c5d1cbe9ca5a423c586534d2d87,CONTRACT_018,CONTRACT_018,558,CONTRACT_018_b558_table,,,False,False,511,17,,UNKNOWN,HEADER_MISSING
B,02534858aeb8ac98a226a3656b55cff9,CONTRACT_018,CONTRACT_018,546,CONTRACT_018_b546_table,,,True,True,785,10,10,YES,OK
B,dd3c65e1b319de53f3a8d7204c9b41df,CONTRACT_018,CONTRACT_018,549,CONTRACT_018_b549_table,,,True,True,1031,10,10,YES,OK
B,95c3a552c85f1ef7261238da6417d685,CONTRACT_018,CONTRACT_018,552,CONTRACT_018_b552_table,,,True,True,900,17,17,YES,OK
B,7623f9ed0027b709f196a493d6c20a0a,CONTRACT_018,CONTRACT_018,555,CONTRACT_018_b555_table,,,True,True,1291,17,17,YES,OK
B,863c0d81af17d84731ed16d9032a6223,CONTRACT_018,CONTRACT_018,558,CONTRACT_018_b558_table,,,True,True,1159,17,17,YES,OK
A,9fc8cdae591c86895ec9f84c1b16a0b3,CONTRACT_021,CONTRACT_021,1650,CONTRACT_021_b1650_table,,,True,False,511,11,,YES,OK
A,bf65c1f2100de11dfb61f66d86618704,CONTRACT_021,CONTRACT_021,1650,CONTRACT_021_b1650_table,,,False,False,511,11,,UNKNOWN,HEADER_MISSING
A,bf65c1f2100de11dfb61f66d86618704,CONTRACT_021,CONTRACT_021,1653,CONTRACT_021_b1653_table,,,False,False,511,18,,UNKNOWN,HEADER_MISSING
A,7e2302c5e80968b3074c0a5b383f6794,CONTRACT_021,CONTRACT_021,1653,CONTRACT_021_b1653_table,,,False,False,512,18,,UNKNOWN,HEADER_MISSING
A,ec7e6a0d062837c7bcaa075809d63e07,CONTRACT_021,CONTRACT_021,1687,CONTRACT_021_b1687_table,,,True,False,512,19,,YES,OK
A,5113684cb8293d8f0c8a6c3798fad7bc,CONTRACT_021,CONTRACT_021,1687,CONTRACT_021_b1687_table,,,False,False,511,19,,UNKNOWN,HEADER_MISSING
A,5113684cb8293d8f0c8a6c3798fad7bc,CONTRACT_021,CONTRACT_021,1690,CONTRACT_021_b1690_table,,,False,False,511,19,,UNKNOWN,HEADER_MISSING
A,54da950d66c0a5477645a81eec31b0b2,CONTRACT_021,CONTRACT_021,1690,CONTRACT_021_b1690_table,,,False,False,510,19,,UNKNOWN,HEADER_MISSING
A,54da950d66c0a5477645a81eec31b0b2,CONTRACT_021,CONTRACT_021,1693,CONTRACT_021_b1693_table,,,False,False,510,20,,UNKNOWN,HEADER_MISSING
A,f07311bfd9bd15b25de7086b077b1b17,CONTRACT_021,CONTRACT_021,1693,CONTRACT_021_b1693_table,,,False,False,511,20,,UNKNOWN,HEADER_MISSING
A,f07311bfd9bd15b25de7086b077b1b17,CONTRACT_021,CONTRACT_021,1696,CONTRACT_021_b1696_table,,,False,False,511,20,,UNKNOWN,HEADER_MISSING
A,3a8c438c181b1e8e2000db00e7a149b1,CONTRACT_021,CONTRACT_021,1693,CONTRACT_021_b1693_table,,,False,False,511,20,,UNKNOWN,HEADER_MISSING
A,3a8c438c181b1e8e2000db00e7a149b1,CONTRACT_021,CONTRACT_021,1696,CONTRACT_021_b1696_table,,,False,False,511,20,,UNKNOWN,HEADER_MISSING
A,dfe57b92cf556dc105326b6d5c740ab3,CONTRACT_021,CONTRACT_021,1696,CONTRACT_021_b1696_table,,,True,False,511,20,,YES,OK
A,3e84c8f677e681c849c9ba55ed783946,CONTRACT_021,CONTRACT_021,1764,CONTRACT_021_b1764_table,,,False,False,511,25,,UNKNOWN,HEADER_MISSING
A,393d5285f9f341c55d159ff66c356d36,CONTRACT_021,CONTRACT_021,1764,CONTRACT_021_b1764_table,,,False,False,511,25,,UNKNOWN,HEADER_MISSING
A,ea1b1b881d21a0073e882cfc556d145c,CONTRACT_021,CONTRACT_021,1764,CONTRACT_021_b1764_table,,,False,False,512,25,,UNKNOWN,HEADER_MISSING
A,ea1b1b881d21a0073e882cfc556d145c,CONTRACT_021,CONTRACT_021,1766,CONTRACT_021_b1766_table,,,False,False,512,25,,UNKNOWN,HEADER_MISSING
A,2c6667e871fab194fcfbabdc03f56932,CONTRACT_021,CONTRACT_021,1766,CONTRACT_021_b1766_table,,,False,False,511,25,,UNKNOWN,HEADER_MISSING
A,2c6667e871fab194fcfbabdc03f56932,CONTRACT_021,CONTRACT_021,1768,CONTRACT_021_b1768_table,,,False,False,511,27,,UNKNOWN,HEADER_MISSING
A,00e3aa2ee9c4a4ef050c87c2d08b5292,CONTRACT_021,CONTRACT_021,1768,CONTRACT_021_b1768_table,,,False,False,213,27,,UNKNOWN,HEADER_MISSING
B,784e38985fc07a3bad86d4f0f83d5975,CONTRACT_021,CONTRACT_021,1650,CONTRACT_021_b1650_table,,,True,True,1307,11,11,YES,OK
B,22adedb4d6941eeba681ef83d63fbbe9,CONTRACT_021,CONTRACT_021,1653,CONTRACT_021_b1653_table,,,True,True,1293,18,18,YES,OK
B,885b2034ce16393719857f5bdc6f665c,CONTRACT_021,CONTRACT_021,1687,CONTRACT_021_b1687_table,,,True,True,775,19,19,YES,OK
B,57027bdccaa589f538d0fe0b2a5a97cc,CONTRACT_021,CONTRACT_021,1690,CONTRACT_021_b1690_table,,,True,True,1167,19,19,YES,OK
B,fe0010b4a67e2c0c9bbb5bbbfa4ed340,CONTRACT_021,CONTRACT_021,1693,CONTRACT_021_b1693_table,,,True,True,659,20,20,YES,OK
B,1de3b8aee307004820622cb4a2d8ae86,CONTRACT_021,CONTRACT_021,1696,CONTRACT_021_b1696_table,,,True,True,659,20,20,YES,OK
B,73c84e9673221c4aa0c5ec33b25ecaf3,CONTRACT_021,CONTRACT_021,1764,CONTRACT_021_b1764_table,,,True,True,900,25,25,YES,OK
B,b6aed47ae2d850a72768039764322389,CONTRACT_021,CONTRACT_021,1766,CONTRACT_021_b1766_table,,,True,True,900,25,25,YES,OK
B,00e3aa2ee9c4a4ef050c87c2d08b5292,CONTRACT_021,CONTRACT_021,1768,CONTRACT_021_b1768_table,,,True,True,761,27,27,YES,OK
A,2488caee66e438296c188fc095d73c94,CONTRACT_010,CONTRACT_010,183,CONTRACT_010_b183_table,,,False,False,512,83,,UNKNOWN,HEADER_MISSING
A,9b583201838b3ed1418333fedf373dc2,CONTRACT_010,CONTRACT_010,183,CONTRACT_010_b183_table,,,False,False,511,83,,UNKNOWN,HEADER_MISSING
A,90b4f68517e81ade183b96c6ed825e2c,CONTRACT_010,CONTRACT_010,183,CONTRACT_010_b183_table,,,False,False,510,83,,UNKNOWN,HEADER_MISSING
A,94b31545909a809b49fef7ec8e8ee354,CONTRACT_010,CONTRACT_010,183,CONTRACT_010_b183_table,,,False,False,511,83,,UNKNOWN,HEADER_MISSING
A,440f41c41b2595f76b1e71d3054b3fc4,CONTRACT_010,CONTRACT_010,183,CONTRACT_010_b183_table,,,False,False,512,83,,UNKNOWN,HEADER_MISSING
A,f9d5b773bf16ac99849b3f9f712c167b,CONTRACT_010,CONTRACT_010,183,CONTRACT_010_b183_table,,,False,False,179,83,,UNKNOWN,HEADER_MISSING
B,825d9082263a663b085d06947543e5bf,CONTRACT_010,CONTRACT_010,183,CONTRACT_010_b183_table,0,9,True,False,777,83,10,YES,OK
B,6c94d042d1b4b648805680add8e15fa3,CONTRACT_010,CONTRACT_010,183,CONTRACT_010_b183_table,1,9,True,False,765,83,10,YES,OK
B,4c4468430265ab79ba74db3415f25017,CONTRACT_010,CONTRACT_010,183,CONTRACT_010_b183_table,2,9,True,False,764,83,10,YES,OK
B,d86d43da85e433631f202b7733a825a1,CONTRACT_010,CONTRACT_010,183,CONTRACT_010_b183_table,3,9,True,False,765,83,10,YES,OK
B,67a2c0b90a80c6b582cf673b36fe0183,CONTRACT_010,CONTRACT_010,183,CONTRACT_010_b183_table,4,9,True,False,765,83,10,YES,OK
B,ae5f21a442627670760212ffac5b5698,CONTRACT_010,CONTRACT_010,183,CONTRACT_010_b183_table,5,9,True,False,767,83,10,YES,OK
B,eab98c6d658856494c940483348a3ee9,CONTRACT_010,CONTRACT_010,183,CONTRACT_010_b183_table,6,9,True,False,764,83,10,YES,OK
B,b1b908c5ea715f3068387d5932e0cc54,CONTRACT_010,CONTRACT_010,183,CONTRACT_010_b183_table,7,9,True,False,768,83,10,YES,OK
B,e8e0d64bd4fd5888c856ab2d1cda9bf6,CONTRACT_010,CONTRACT_010,183,CONTRACT_010_b183_table,8,9,True,False,762,83,3,YES,OK
A,eaa26cfa79ab7e68f55ae52a715aa956,CONTRACT_014,CONTRACT_014,31,CONTRACT_014_b31_table,,,True,False,511,6,,YES,OK
A,88acbc934036e514041f0d3a0c5c7aa7,CONTRACT_014,CONTRACT_014,31,CONTRACT_014_b31_table,,,True,False,512,6,,YES,OK
A,1180121cc393c0ec99297f926968ea69,CONTRACT_014,CONTRACT_014,125,CONTRACT_014_b125_table,,,True,False,511,13,,YES,OK
A,303a1aafff3a83ed94224c4775146051,CONTRACT_014,CONTRACT_014,125,CONTRACT_014_b125_table,,,False,False,290,13,,UNKNOWN,HEADER_MISSING
B,a48dd57fcc5f4941658cafc7a7bf288a,CONTRACT_014,CONTRACT_014,31,CONTRACT_014_b31_table,,,True,True,1724,6,6,YES,OK
B,5225943e26abb44ccf84f103e8cd862f,CONTRACT_014,CONTRACT_014,125,CONTRACT_014_b125_table,,,True,True,656,13,13,YES,OK
A,0d5fb5341e32c53320a77799c0802f92,CONTRACT_002,CONTRACT_002,111,CONTRACT_002_b111_table,,,True,False,512,5,,YES,OK
A,dc3d176849c2ead614e306a07f64e1a8,CONTRACT_002,CONTRACT_002,111,CONTRACT_002_b111_table,,,False,False,143,5,,UNKNOWN,HEADER_MISSING
B,c0ded0ce7b47bd10c6317b9c2c026050,CONTRACT_002,CONTRACT_002,111,CONTRACT_002_b111_table,,,True,True,1151,5,5,YES,OK
A,3328b55c66cbc2b0d3dda5804b772cd6,CONTRACT_056,CONTRACT_056,7,CONTRACT_056_b7_table,,,False,False,512,5,,UNKNOWN,HEADER_MISSING
A,3328b55c66cbc2b0d3dda5804b772cd6,CONTRACT_056,CONTRACT_056,10,CONTRACT_056_b10_table,,,False,False,512,3,,UNKNOWN,HEADER_MISSING
A,5843926e96f621917cc7f4f1824ac9ed,CONTRACT_056,CONTRACT_056,10,CONTRACT_056_b10_table,,,True,False,512,3,,YES,OK
A,703f101c28ad1929ff31372a39ad7e7c,CONTRACT_056,CONTRACT_056,26,CONTRACT_056_b26_table,,,True,False,512,0,,YES,OK
A,56bfffd78ca4a23e4cb9e498695ba616,CONTRACT_056,CONTRACT_056,26,CONTRACT_056_b26_table,,,False,False,274,0,,UNKNOWN,HEADER_MISSING
B,9019e7c15b185fe71ae6d7a7ef52754b,CONTRACT_056,CONTRACT_056,7,CONTRACT_056_b7_table,,,True,True,674,5,5,YES,OK
B,798a97c13487c194ef7795117fa7899d,CONTRACT_056,CONTRACT_056,10,CONTRACT_056_b10_table,,,True,True,1542,3,3,YES,OK
B,24ca3ba31aa9545fb0f6702534c51fc3,CONTRACT_056,CONTRACT_056,26,CONTRACT_056_b26_table,,,True,True,371,0,0,YES,OK
A,4776833f2dcda165d2ed85625c51a977,CONTRACT_058,CONTRACT_058,13,CONTRACT_058_b13_table,,,False,False,511,6,,UNKNOWN,HEADER_MISSING
A,4776833f2dcda165d2ed85625c51a977,CONTRACT_058,CONTRACT_058,18,CONTRACT_058_b18_table,,,False,False,511,18,,UNKNOWN,HEADER_MISSING
A,159857f6a48f07e17b96abf8197e6a06,CONTRACT_058,CONTRACT_058,18,CONTRACT_058_b18_table,,,True,False,512,18,,YES,OK
A,a91e7c9d88d16fb00b0c5b56f3a4aa60,CONTRACT_058,CONTRACT_058,36,CONTRACT_058_b36_table,,,True,False,512,9,,YES,OK
A,4e42f3d5b4692e51e930ff0a349e32fc,CONTRACT_058,CONTRACT_058,36,CONTRACT_058_b36_table,,,True,False,512,9,,YES,OK
A,47bb8a6582c7b322e7888aecca2fbea3,CONTRACT_058,CONTRACT_058,50,CONTRACT_058_b50_table,,,True,False,511,5,,YES,OK
B,23ed69ca7b2e88a1a8aee7e922b51c1c,CONTRACT_058,CONTRACT_058,13,CONTRACT_058_b13_table,,,True,True,761,6,6,YES,OK
B,85a3be51cd3971bf7b21c63b1d16f96a,CONTRACT_058,CONTRACT_058,18,CONTRACT_058_b18_table,,,True,True,776,18,18,YES,OK
B,05467d3e4289e7d78111a6e71335d138,CONTRACT_058,CONTRACT_058,36,CONTRACT_058_b36_table,,,True,True,759,9,9,YES,OK
B,83ebcca8ab6d69cef193c246d6ebe0d7,CONTRACT_058,CONTRACT_058,50,CONTRACT_058_b50_table,,,True,True,642,5,5,YES,OK
A,3ad1e9ce2631fe7c3b2ce6b672833812,CONTRACT_083,CONTRACT_083,10,CONTRACT_083_b10_table,,,False,False,512,11,,UNKNOWN,HEADER_MISSING
A,3ad1e9ce2631fe7c3b2ce6b672833812,CONTRACT_083,CONTRACT_083,12,CONTRACT_083_b12_table,,,False,False,512,0,,UNKNOWN,HEADER_MISSING
A,d9ac3e91eb1f8403812c538356ffe298,CONTRACT_083,CONTRACT_083,12,CONTRACT_083_b12_table,,,False,False,512,0,,UNKNOWN,HEADER_MISSING
A,e649ee323a3e65d1a475f3d28094c818,CONTRACT_083,CONTRACT_083,12,CONTRACT_083_b12_table,,,False,False,342,0,,UNKNOWN,HEADER_MISSING
B,a962b268115c419dbf8e976227838177,CONTRACT_083,CONTRACT_083,10,CONTRACT_083_b10_table,,,True,True,754,11,11,YES,OK
B,2e8273f01da6abc4d9d58b16f18600c9,CONTRACT_083,CONTRACT_083,12,CONTRACT_083_b12_table,,,True,True,417,0,0,YES,OK
A,3bc34221a0807acc624a25ad5bf66fc8,CONTRACT_015,CONTRACT_015,28,CONTRACT_015_b28_table,,,True,False,512,6,,YES,OK
A,2f0be95abb641482b047dfc5c0d09106,CONTRACT_015,CONTRACT_015,28,CONTRACT_015_b28_table,,,True,False,511,6,,YES,OK
A,e924a5b9ca3880d485ed5c97f51103ea,CONTRACT_015,CONTRACT_015,124,CONTRACT_015_b124_table,,,True,False,511,13,,YES,OK
A,c1c300aa0a3516f6d43b90e4d5434479,CONTRACT_015,CONTRACT_015,124,CONTRACT_015_b124_table,,,False,False,347,13,,UNKNOWN,HEADER_MISSING
B,d07f5ecbbcdf7e9bdfc1096ca69b1585,CONTRACT_015,CONTRACT_015,28,CONTRACT_015_b28_table,,,True,True,1724,6,6,YES,OK
B,6890f96f53259c351a8a75525844b68f,CONTRACT_015,CONTRACT_015,124,CONTRACT_015_b124_table,,,True,True,656,13,13,YES,OK
